id,csdbId,name,status,category,subcategory,address
Csdb__ScamDomains__e4b99f,e4b99f,myelherwallel.com,,Phishing,MyEtherWallet,0xD0cC2B24980CBCCA47EF755Da88B220a82291407
Csdb__ScamDomains__a3ec5b,a3ec5b,etherswap.org,,Phishing,Ethereum,0x4cdc1cba0aeb5539f2e0ba158281e67e0e54a9b1
Csdb__ScamDomains__91a008,91a008,xn--mytherwallet-fvb.com,,Phishing,MyEtherWallet,0x00e01a648ff41346cdeb873182383333d2184dd1
Csdb__ScamDomains__82a7f6,82a7f6,myethwallet.net,,Phishing,MyEtherWallet,0x00e01A648Ff41346CDeB873182383333D2184dd1
Csdb__ScamDomains__1224a2,1224a2,district-0x.io,,Fake ICO,district0x,0x240e125c20a4cC84Bd6E7F8D1FD07Aff4c06D43d
Csdb__ScamDomains__2e8f54,2e8f54,www.ether-wallet.net,,Scamming,Trust-Trading,0x8A04B6a0223aF79e4aCC0a55c7B166Fe0794269a
Csdb__ScamDomains__ede81e,ede81e,district0x.net,,Fake ICO,district0x,0x2268751eAFC860781074D25f4bD10DED480310B9
Csdb__ScamDomains__e96311,e96311,contribute-status.im,,Fake ICO,Status,0xadF5b0c2103598fb66a61714152F1d1717D49FE0
Csdb__ScamDomains__ed9325,ed9325,ethereumchamber.net,,Phishing,MyEtherWallet,0x379ce20c018fb6301c1872c429ec7270ffa4dc5b
Csdb__ScamDomains__f67107,f67107,myetherwallet.com.de,,Phishing,MyEtherWallet,0x2b065809f6ec6df32878bcd26711a0e2bcf59c26
Csdb__ScamDomains__807fef,807fef,myetherwallet.com.im,,Phishing,MyEtherWallet,0x42c5459911ae51d1d005cbe39749bd8d8e533c22
Csdb__ScamDomains__8a58f5,8a58f5,myetherwallet.us,,Phishing,MyEtherWallet,0x11c058c3efbf53939fb6872b09a2b5cf2410a1e2c3f3c867664e43a626d878c0
Csdb__ScamDomains__bbd9f5,bbd9f5,myetherwaillet.com,,Phishing,MyEtherWallet,0xed2d26eed06ecfbfd796d1ec551d2a649a31e576
Csdb__ScamDomains__aa3cfd,aa3cfd,myetherwallet.com.cm,,Phishing,MyEtherWallet,0x1D60606d8A09b5015D773A80b0C660Bb8d91809c
Csdb__ScamDomains__839986,839986,myetherwallet.im,,Phishing,MyEtherWallet,0xBa83e9Ce38b10522e3d6061A12779B7526839eda
Csdb__ScamDomains__a7e841,a7e841,myetherwallet.tech,,Phishing,MyEtherWallet,0xBa83e9Ce38b10522e3d6061A12779B7526839eda
Csdb__ScamDomains__8c7a0c,8c7a0c,myetherwallett.com,,Phishing,MyEtherWallet,0x33F74739ce6bE3B2c38AF76F5aDB3866CB4784c4
Csdb__ScamDomains__683715,683715,myaetherwallet.com,,Phishing,MyEtherWallet,0xaa1886de3f70a3ef502ea1379a311c5b4e05f3fd
Csdb__ScamDomains__3cf3ae,3cf3ae,myetherwallet.in,,Phishing,MyEtherWallet,0x858457daA7e087ad74cDeeCEAb8419079bC2cA03
Csdb__ScamDomains__478445,478445,myetherwallet.io,,Phishing,MyEtherWallet,0x379ce20c018fb6301c1872c429ec7270ffa4dc5b
Csdb__ScamDomains__0a4f9c,0a4f9c,myetherwallet.pics,,Scamming,Trust-Trading,0x435fe8272698cA7032c41CBe5d412e0369d159fF
Csdb__ScamDomains__f926b4,f926b4,myetherwallet.rich,,Scamming,Trust-Trading,0x613F306c111bA759E4AC11165e70d2a68AAF4F2A
Csdb__ScamDomains__b89cb2,b89cb2,ethermixer.com,,Scamming,,0xf9fe85e19bd533c69067c6e2ff02727d40a54100
Csdb__ScamDomains__3dd984,3dd984,ziber.io,,Scamming,,0xf0a924661b0263e5ce12756d07f45b8668c53380
Csdb__ScamDomains__3426fc,3426fc,omisego.com,,Phishing,OmiseGO,0x89C98CC6D9917B615257e5704e83906402f0f91f
Csdb__ScamDomains__259b24,259b24,numerai.tech,,Phishing,Numerai,0x89c98cc6d9917b615257e5704e83906402f0f91f
Csdb__ScamDomains__79d738,79d738,omisego.net,,Phishing,OmiseGO,0x1e80dad60d19fb8159af3f440a8ceaa0e5581847
Csdb__ScamDomains__317679,317679,unocoin.fund,,Phishing,Unocoin,0x52b7c8857Be3853fA68e09D9Ba7a9ADf075040eA
Csdb__ScamDomains__b6b09f,b6b09f,decentraland.pro,,Phishing,Decentraland,0x3b0009071a0a9983e9aab537fd8c9ad478310aeb
Csdb__ScamDomains__3b5298,3b5298,status-token.com,,Phishing,Status,0x4Bf722014E54AeAB05fcF1519E6e4C0c3F742e43
Csdb__ScamDomains__cd81e9,cd81e9,myethwallet.io,,Phishing,MyEtherWallet,0xD9932453997ddF36fE114C9F22beBb9eE77b2921
Csdb__ScamDomains__8289df,8289df,tenxpay.io,,Phishing,TenX,0x68B0e0Db7918C0211EA1fB78292a879839137DD0
Csdb__ScamDomains__f71e23,f71e23,wallet-ethereum.net,,Phishing,Wallets,0xF902AA3a62F9E28878129E1A8f1EB71E4FD7a88C
Csdb__ScamDomains__62b0de,62b0de,www.myehterwallet.co,,Phishing,MyEtherWallet,0x1086fEeb031e45e8FCD770662Aa8302d7C23ba1F
Csdb__ScamDomains__5ec15a,5ec15a,statustoken.im,,Phishing,Status,0x685445fE51B31790538890A6468851AfbF7a0519
Csdb__ScamDomains__a7c8cb,a7c8cb,kickico.co,,Phishing,KICKICO,0xc5d65deff5d1373f8b19aa8be528e9c3599013ba
Csdb__ScamDomains__bddef4,bddef4,monetha-crowdsale.com,,Fake ICO,Monetha,0x6fcf42fcd9c6a54b64d1b52083700142952a2805
Csdb__ScamDomains__683e47,683e47,omise-go.io,,Phishing,OmiseGO,0xda657e9fa116900fab8178e5580a3a6cedd89f3c
Csdb__ScamDomains__9a8f37,9a8f37,monetha.me,,Phishing,Monetha,0x44A7fF01f7d38c73530C279e19d31527Bdcf8c78
Csdb__ScamDomains__bc0ecb,bc0ecb,www.golem-network.com,,Phishing,Golem,0xdA657E9Fa116900fAB8178E5580a3a6CEDd89F3C
Csdb__ScamDomains__a2e1bf,a2e1bf,etherdelta.gilthub.io,,Phishing,EtherDelta,0x6506827D91659e871fc7267160ba1C3407195270
Csdb__ScamDomains__285d14,285d14,dmarket.ltd,,Phishing,DMarket,0xf1e250F2a27ab7eC5B82B287F2799260448CD51D
Csdb__ScamDomains__acc968,acc968,herotoken.co,,Phishing,Hero,0xFBF6F29c126382cf15795bB209EE506a174cC709
Csdb__ScamDomains__04e1f6,04e1f6,etherdelta.githulb.io,,Phishing,EtherDelta,0x7CBC4E0D168744912C5Afc081499145BBDc51e69
Csdb__ScamDomains__e2a981,e2a981,herotokens.io,,Phishing,Hero,0x57b818a1070373e21fcedf48d4368e1703c75852
Csdb__ScamDomains__ad6b2a,ad6b2a,aventus.group,,Phishing,Aventus,0x3fcb2d173389b7cd8079ef8b439dbd92e7e0ae28
Csdb__ScamDomains__135293,135293,atlant.solutions,,Phishing,Atlant,0x3fcb2d173389b7cd8079ef8b439dbd92e7e0ae28
Csdb__ScamDomains__910b41,910b41,iconexus.social,,Phishing,Nexus,0x8369F6723C4792b41d4AF4190662269431Ee5B0b
Csdb__ScamDomains__77d39a,77d39a,vlberate.io,,Phishing,Viberate,0x57d02550f47dd932d2fb84e0aa883c9d8d53c313
Csdb__ScamDomains__324a3b,324a3b,monetha.ltd,,Phishing,Monetha,0x4999924fD714092FE92cA9A792a8549f798c1Dc2
Csdb__ScamDomains__d4be94,d4be94,kirkik.com,,Phishing,KIN,0xF8E676094628776690DBf83fa31f08aA14FD3fb8
Csdb__ScamDomains__dcd7f9,dcd7f9,www.the-ether.pro,,Scamming,Web Wallet,0xc4b51a247514901faf1b6b1da9f0836066e64407
Csdb__ScamDomains__a3d04d,a3d04d,qtum-token.com,,Phishing,Qtum,0x4Bf722014E54AeAB05fcF1519E6e4C0c3F742e43
Csdb__ScamDomains__13e909,13e909,linknetwork.co,,Scamming,Chainlink,0xCbCD4b518890429C0Ffef3d782eD99b3ADFF009b
Csdb__ScamDomains__d3f000,d3f000,kin-crowdsale.com,,Scamming,KIN,0xaD0C88F3313ABbce2185597E87A15f764e948A46
Csdb__ScamDomains__c27cb2,c27cb2,kin-klk.com,,Phishing,KIN,0x5d3f32f4b2e99fb79d2f6a1cbf3aa7390f8fc751
Csdb__ScamDomains__eb489a,eb489a,bitj0b.io,,Phishing,Bitjob,0xd821dfb705333d2c16e0c0c0be75ce360cca566a
Csdb__ScamDomains__9c4bc3,9c4bc3,red-pulse.tech,,Phishing,RedPulse,0x052f585fa599bfb4bed290ff30c057627ccd8059
Csdb__ScamDomains__73c81b,73c81b,ico-nexus.social,,Phishing,Nexus,0x7fBf068316C5806A62D549441ae82b00Fdb10dE1
Csdb__ScamDomains__45a9c9,45a9c9,enigma-tokens.co,,Phishing,Engima,0x2D4498a2CF71F5b0946f0ebcfff97ca9D0cd5D04
Csdb__ScamDomains__987c89,987c89,change-bank.co,,Phishing,ChangeBank,0xbe3364dfb8158A3e452FF96AEb247BF3f5F019B5
Csdb__ScamDomains__98971b,98971b,tokensale.kyber.digital,,Phishing,Kyber,0x7a18cfc4a36e48163034e51a9ed19d4bdea05f6f
Csdb__ScamDomains__4b177e,4b177e,pyro0.github.io,,Scam,ENS,0x7C203685291149D5dAd4308781F42A6B945dF4E1
Csdb__ScamDomains__9948ce,9948ce,kyber-network.co,,Phishing,Kyber,0x5e5d6f6706420f932d796c0f28a83b26dabcfd8d
Csdb__ScamDomains__24c71c,24c71c,kin.kikpro.co,,Phishing,KIN,0x8b3b831d767FAD1ab0ad52A38777acb98630F8a7
Csdb__ScamDomains__ae3002,ae3002,kybernet.network,,Phishing,Kyber,0x008f3Db10374099A11ec263415Cb88C952AbEEDc
Csdb__ScamDomains__07210c,07210c,change-bank.io,,Phishing,ChangeBank,0x4da9608F15c504a2B5C46491d9CCF257c5E2FF71
Csdb__ScamDomains__7a1d28,7a1d28,chainlink.tech,,Scamming,Chainlink,0x4da9608F15c504a2B5C46491d9CCF257c5E2FF71
Csdb__ScamDomains__f7d739,f7d739,charge-bank.com,,Phishing,ChangeBank,0x34743FFA1f93e745668725e44EFEb3C50A237796
Csdb__ScamDomains__a6f9eb,a6f9eb,change-bank.org,,Phishing,ChangeBank,0x8eE2Ba41EF59b5773e5909451e0b8BaD4E59A81b
Csdb__ScamDomains__e07c1b,e07c1b,smartcontractlink.com,,Phishing,Chainlink,0x1c50139c266559b29d7cb27635e0da13bef76a09
Csdb__ScamDomains__adde88,adde88,centra.credit,,Phishing,CentraTech,0xaff9e40f9b245b15a1d1bb45516ca213e682fa81
Csdb__ScamDomains__396467,396467,air-token.com,,Phishing,AirToken,0xE9aa3A74E3D62274f221ECa42736cAdC14CcfFaF
Csdb__ScamDomains__a32374,a32374,icon.community,,Phishing,ICON,0xca4da1753336aa8340710e0E1a8c0BEE2bFbF56C
Csdb__ScamDomains__b153c0,b153c0,smartcontract.live,,Phishing,LINK,0xabc490af011C8E354B7D2112648883fe9E511695
Csdb__ScamDomains__f516ac,f516ac,centra.vip,,Phishing,CentraTech,0xfAd17C9da2beBF758e3BC0c99D1aBe8Af7e96eD1
Csdb__ScamDomains__01e3c4,01e3c4,iconn.foundation,,Phishing,ICON,0xFC74FB0D5df08EC546a3DA18CCc7FBcBe031F5D8
Csdb__ScamDomains__24eea4,24eea4,cobinhood.org,,Phishing,CobinHood,0x62eE4A3C690C9660762c52BF1a232365C86C879B
Csdb__ScamDomains__a6ba80,a6ba80,reall.markets,,Phishing,REAL,0xB116D83C919d6661dc20246D312B702f0cDf297C
Csdb__ScamDomains__d130bd,d130bd,omisegotoken.com,,Phishing,OmiseGo,0x7e3d7D8E31b3F472FCD3C1552a9F009131C50C6C
Csdb__ScamDomains__844f32,844f32,kinkik.in,,Phishing,KIN,0x854b62b692aC8411C3a45463c44CBdAbAC2D6913
Csdb__ScamDomains__c1fa1f,c1fa1f,eventchain.co,,Phishing,EVC,0x37D0909CC7eC38F2d966092Ea3607F77bC6bc008
Csdb__ScamDomains__3bf59f,3bf59f,protostokenhub.com,,Phishing,Protos,0xd92559E1F1d2E84F4964F45256693D03833D7D44
Csdb__ScamDomains__62fec8,62fec8,cindicator.pro,,Phishing,Cindicator,0x17BD6f815fB71a77dc20E12177c4d763A3f67632
Csdb__ScamDomains__6cb7ab,6cb7ab,request-network.com,,Phishing,Request,0x6D0b90eA2951ca5ad3ABdb606e4146e9765f1ee4
Csdb__ScamDomains__8a1ee9,8a1ee9,real-markets.io,,Phishing,REALMarkets,0x143494359bBACC878308075C1c9FA05fcda96651
Csdb__ScamDomains__ae59e3,ae59e3,cobinhood.io,,Phishing,Cobinhood,0x920aDc9A060cdA345fdEc2fdeBAd6EBF38eDf83D
Csdb__ScamDomains__f30184,f30184,enjincoin.sale,,Phishing,Enjin,0xbcc6c0fef89b87a12773db7a9a8ecbccccdb7aff
Csdb__ScamDomains__27e7c5,27e7c5,wanchain.network,,Phishing,Wanchain,0xf9a5139E42c3ca13D5b24D23ab2B18C278805Dc4
Csdb__ScamDomains__dff294,dff294,enijncoin.io,,Phishing,Enjin,0x8cF893F11f6037B14f0f827B9ed6AEef38931Fb4
Csdb__ScamDomains__b42ac1,b42ac1,smartlands.tech,,Phishing,Smartlands,0x893676c4A94F6EcdC33a18438BBdCfE9e6c68a9a
Csdb__ScamDomains__e2e645,e2e645,enjincoin.me,,Phishing,Enjin,0x05Dd62c007CDe143B402fA5Da3937C40c70b4B14
Csdb__ScamDomains__17c48c,17c48c,etherparty.in,,Phishing,Etherparty,0x0Dcc89F3091d3EF66E00Fb595Ed0FaFEf4434192
Csdb__ScamDomains__5fce41,5fce41,wanchains.org,,Phishing,Wanchain,0x2A7D04018D7295D8069Ec9721eE415c4Bdc57909
Csdb__ScamDomains__304bca,304bca,warchain.org,,Phishing,Wanchain,0x1c2FB401D3Dc4fd8131ccFc4589F281D58921402
Csdb__ScamDomains__353630,353630,xn--enjncoin-41a.io,,Phishing,Enjin,0x8cF893F11f6037B14f0f827B9ed6AEef38931Fb4
Csdb__ScamDomains__2dd12b,2dd12b,vvanchain.org,,Phishing,Wanchain,0x88698a2ff09506596a88a1af9d103a420ba46a3e
Csdb__ScamDomains__a26a38,a26a38,soam.co,,Phishing,Soam,0x05E3650Bfc907Cc1b3C774F0c053C8B990ce1A4b
Csdb__ScamDomains__ce3302,ce3302,upfirng.com,,Phishing,Upfiring,0x801D03f4d053242aFbc2949c141BAB4270Ca6707
Csdb__ScamDomains__592e60,592e60,enjincoin.pw,,Phishing,Enjin,0xB71dF0DbbB9754c1aa9115253F4eBb7EF3f8a57c
Csdb__ScamDomains__c46b6a,c46b6a,requestnetwork.live,,Phishing,Request,0x8374aa52Bf36EaBcA06E33c4163A081F53e39Aa3
Csdb__ScamDomains__6c0f93,6c0f93,request-network.net,,Phishing,Request,0x49311A81F5F5dF6C109599Ed5d7413d85b8bcA18
Csdb__ScamDomains__0e1126,0e1126,omegaone.co,,Phishing,Omega,0x3AA65f17cdE339dF49AFd2F88B3C8495842D5FB0
Csdb__ScamDomains__001a76,001a76,myehterwaliet.com,,Phishing,MyEtherWallet,0x37c81cc9ff71d0f97849a947bf22e8e529b72230
Csdb__ScamDomains__72f296,72f296,worldofbattles.io,,Scamming,WorldOfBattles,0xef57aa4b57587600fc209f345fe0a2687bc26985
Csdb__ScamDomains__9a229a,9a229a,stormxtoken.com,,Phishing,Storm,0xB7c4A4341c0A03460B6ceC4fa997dD2D748Ce281
Csdb__ScamDomains__9ebcb8,9ebcb8,ralden.network,,Phishing,Raiden,0x3639b8B8edA816B2cb62b65159A183972a3cf863
Csdb__ScamDomains__4dedd5,4dedd5,raidan.network,,Phishing,Raiden,0xd3d7c71e4c5b1ff2f42fbb9b4a21f3373aa8b3b0
Csdb__ScamDomains__f2fa77,f2fa77,riden.network,,Phishing,Raiden,0xAF31bf4Fa017768E6426308Cf17E16d633700265
Csdb__ScamDomains__17fe54,17fe54,privatix.live,,Phishing,Privatix,0xd055610c2d5151aDb3eaF994e08aBe45DeE936E0
Csdb__ScamDomains__886a88,886a88,storrntoken.com,,Phishing,Storm,0x8dcdb7fc9f541825ba57fb47d5204317fc609590
Csdb__ScamDomains__79bcaf,79bcaf,stormtokens.net,,Phishing,Storm,0xef6805af393c34fe772f8d827a5d26685215612a
Csdb__ScamDomains__42a83e,42a83e,myetereumwallet.com,,Phishing,MyEtherWallet,0x62404BFB3e1c464f17e3AF0c139e39D0703ae4A1
Csdb__ScamDomains__ff5a83,ff5a83,stormstoken.com,,Phishing,Storm,0x9A95f2Ca24d1dCb01048E0623f63F9D174237dEb
Csdb__ScamDomains__331da6,331da6,privatix.pro,,Phishing,Privatix,0x071cf579507DD0661845694F709E68CF7Ea506a4
Csdb__ScamDomains__2b42fc,2b42fc,raiden.online,,Phishing,Raiden,0x1b42BF30CD988Ad20500cE47ccE52098576Ec2a2
Csdb__ScamDomains__cb09d4,cb09d4,stormtoken.cc,,Phishing,Storm,0xa2896b45f8bD313B777F1027724da1b5F2205A58
Csdb__ScamDomains__b7ef82,b7ef82,privatix.top,,Phishing,Privatix,0x1aef1E14108786e0B049f37758529d866cc3c7e6
Csdb__ScamDomains__1e7551,1e7551,privatix.me,,Phishing,Privatix,0x1aef1E14108786e0B049f37758529d866cc3c7e6
Csdb__ScamDomains__eee323,eee323,block-v.io,,Phishing,Blockv,0xab215957873deadd9512fbde29e6c12bea1dd1a1
Csdb__ScamDomains__91f1ce,91f1ce,stormtoken.site,,Phishing,Storm,0xe10C24cA7bf18640FcB35E059919348891922a3b
Csdb__ScamDomains__dc9c27,dc9c27,artoken.co,,Phishing,Artoken,0xb9AE74bEafE4025cC0fCfB5e190169F2D7F0b563
Csdb__ScamDomains__71340b,71340b,raidens.network,,Phishing,Raiden,0x897757CbA67EADB66d40e45C6748E27D0E67b52a
Csdb__ScamDomains__8d40e9,8d40e9,ripiocerdit.network,,Phishing,Ripio,0x09faf25e57abd0a401bb5a2341d7f926c389f8d1
Csdb__ScamDomains__c4c119,c4c119,shapishift.io,,Phishing,Shapeshift,0x3853ba76ec6ae97818e2d0e0839c9eda6c396690
Csdb__ScamDomains__1e96f3,1e96f3,ico.ripiocredits.com,,Phishing,Ripio,0x33f6eE23eE223c4558a95bF4C0e9f5eD21e06319
Csdb__ScamDomains__1f4f16,1f4f16,ripiocredit.net,,Phishing,Ripio,0x501577Cd4865D7D50664a1519A79f1c0E7069154
Csdb__ScamDomains__ae4de3,ae4de3,senstoken.com,,Phishing,Sense,0x22374A2E9E19bcea56E64F9De3329670CD1a458c
Csdb__ScamDomains__15ce91,15ce91,riaden.network,,Phishing,Raiden,0x619f18aEC5f8EeF483fbfe654a269f1186ddA915
Csdb__ScamDomains__6c2271,6c2271,ripiocreditnetwork.co,,Phishing,Ripio,0x85704b506E10b10D714eAd28CdE947bAA58F0EA4
Csdb__ScamDomains__71dcca,71dcca,dentacoin.in,,Phishing,Dentacoin,0xA35e3534917E471540345733B8f23e7bAd54681b
Csdb__ScamDomains__5a9c0e,5a9c0e,ripiocredlt.network,,Phishing,Ripio,0xa6B60dd3bE491aAfE5AbA8622b35C0eAd608D3FD
Csdb__ScamDomains__d39fbe,d39fbe,universa.sale,,Phishing,Universa,0x6D8A1BC0AE09aE5cFd4a7A2a59194598734CEea5
Csdb__ScamDomains__47433c,47433c,unlversa.io,,Phishing,Universa,0x6D8A1BC0AE09aE5cFd4a7A2a59194598734CEea5
Csdb__ScamDomains__56f80f,56f80f,dmarkt.io,,Phishing,Dmarket,0xF3Ae45D5A0B8EfB41444101267b56E6795051FaC
Csdb__ScamDomains__df8fb2,df8fb2,utrust.so,,Phishing,Utrust,0x8A46Aa04725b2E2029bdCb924D671Fd6a9c11daB
Csdb__ScamDomains__cde9d4,cde9d4,quantslamp.com,,Phishing,Quantstamp,0xda1cC010259496d407a764c381D0E82182D68D89
Csdb__ScamDomains__a1132a,a1132a,quantsstamps.com,,Phishing,QuantStamp,0x42ff5fff0e369ef6880875efcacb3b7c77974abc
Csdb__ScamDomains__463183,463183,xn--quanstamp-tmd.com,,Phishing,QuantStamp,0xEeD7072FCF46733833249D1E979c44fE4F2a23a2
Csdb__ScamDomains__a6d56c,a6d56c,quantstamp.com.ua,,Phishing,QuantStamp,0x7c57981AF4cee87567774B53F9da1bFCeb8B944b
Csdb__ScamDomains__5cd34d,5cd34d,quantstamp.com.co,,Phishing,QuantStamp,0xfbc79A80ffA84253611e8f9A82F18e9E93Ceee81
Csdb__ScamDomains__bae2ca,bae2ca,ethconnect.live,,Phishing,Ethconnect,0x943DB403251105195F56cE69c7c48A6320475AB1
Csdb__ScamDomains__614039,614039,wancha.in,,Phishing,Wanchain,0xD754B5Bf41B84Bcb49CB952F858318640aBC60E0
Csdb__ScamDomains__aed812,aed812,stormtokens.io,,Phishing,Storm,0x902d0d5bb6a34307bbd1da33e61ae1654b6cbe1e
Csdb__ScamDomains__95ecd8,95ecd8,storm-token.com,,Phishing,Storm,0xF0Fc2d4d550253d8C165C599E0cCCf221c7eb7b5
Csdb__ScamDomains__59fb72,59fb72,stromtoken.com,,Phishing,Storm,0x52005B77fbEBf53cfD9527A388f58d0431AaaA3e
Csdb__ScamDomains__562fc4,562fc4,storntoken.com,,Phishing,Storm,0x1E67F055367bcBCe045E1211F09355Eb7411236F
Csdb__ScamDomains__9749cc,9749cc,stormtoken.co,,Phishing,Storm,0x316b3b83c33B20249B61DEd124F2620d8E823793
Csdb__ScamDomains__1f25b3,1f25b3,xn--quanttamp-42b.com,,Phishing,Quantstamp,0x0ae775637e63Fa95855246Fd82e96802D05883Fc
Csdb__ScamDomains__2a12a7,2a12a7,stormltoken.com,,Phishing,Storm,0x71108Be9C232722Dd6839A6fbaD171cf44d3FfAf
Csdb__ScamDomains__636eb5,636eb5,omise-go.tech,,Phishing,OmiseGO,0x29e225d888cf11c5e67613bffd30bcf071eb3d4a
Csdb__ScamDomains__d8388d,d8388d,stormtoken.eu,,Phishing,Storm,0xA3e52a23060cCDfE186822b52BF60A07451e094e
Csdb__ScamDomains__725457,725457,elite888-ico.com,,Phishing,Elite888,0xD50fCd07007255599A9A8CedD881F863bcD65eb1
Csdb__ScamDomains__cbb609,cbb609,quantstamp-ico.com,,Phishing,Quanstamp,0x7F85D875EAF39525004E8Ac2BC1e83786D7Dfd77
Csdb__ScamDomains__8bf8cb,8bf8cb,raiden-network.com,,Phishing,Raiden,0x4Bf722014E54AeAB05fcF1519E6e4C0c3F742e43
Csdb__ScamDomains__f992d2,f992d2,qauntstamp.com,,Phishing,Quanstamp,0x504f1E10da987490Db4f0D92931497f635E240e8
Csdb__ScamDomains__b206c5,b206c5,simpletoken.live,,Phishing,Simple,0x24C00035b050BeC633287c2bABfBb9f4fE3C8A83
Csdb__ScamDomains__592756,592756,spectre-ai.org,,Phishing,Spectre,0x6e3E57E536aab05950774945d9cdBf506865c52f
Csdb__ScamDomains__32c727,32c727,datum.sale,,Phishing,Datum,0x2804e8B4c04c655376D18aDA84d46fC345240E0A
Csdb__ScamDomains__97acac,97acac,xn--zero-zxb.com,,Phishing,Tzero,0xA0D67BF1aE91B6b705abD4f695Cc13edAAcd0D02
Csdb__ScamDomains__427ee5,427ee5,t-zero.org,,Phishing,Tzero,0xe54659243F8542d6ABfd15bbff69f62465786756
Csdb__ScamDomains__6330e4,6330e4,autcus.org,,Phishing,Auctus,0x784205ACD9423a2044D09E41642A71E087162861
Csdb__ScamDomains__c15ae9,c15ae9,dmarket.pro,,Phishing,Dmarket,0xd912289C9F079b0655737a55FD5D745501ECEfc7
Csdb__ScamDomains__9f0c66,9f0c66,xn--waxtokn-y8a.com,,Phishing,Wax,0x1494403137159bb0dc545d11963fDF797ea1eCAb
Csdb__ScamDomains__ae0c83,ae0c83,spectre.site,,Phishing,Spectre,0x43AC6AaE3c5dd21855C3aABe3CADB7dFdCf2E5be
Csdb__ScamDomains__5b8c41,5b8c41,ico-tzero.com,,Phishing,Tzero,0x51DcD13361C5D921D2C4818e419011301e7BE34e
Csdb__ScamDomains__6d645b,6d645b,blockstack.network,,Phishing,Blockstack,0xaD0C88F3313ABbce2185597E87A15f764e948A46
Csdb__ScamDomains__ad28ff,ad28ff,tzero-ico.com,,Phishing,Tzero,0x51DcD13361C5D921D2C4818e419011301e7BE34e
Csdb__ScamDomains__52cd08,52cd08,0-ico.com,,Phishing,Tzero,0x51DcD13361C5D921D2C4818e419011301e7BE34e
Csdb__ScamDomains__0a774c,0a774c,urtust.io,,Phishing,Utrust,0x738a4dAAE8d4A640172fAC4F45B41707BD2197be
Csdb__ScamDomains__b9f7ea,b9f7ea,blockstack.one,,Phishing,Blockstack,0xea6e18FD3C301e4300BC99B6Db792fcff376Abb4
Csdb__ScamDomains__4f22c9,4f22c9,oracles-network.org,,Phishing,Oracles,0xc31fB4c352cb68c847715D46D97C1fa2Aa2d0f00
Csdb__ScamDomains__70cc1d,70cc1d,oracls.network,,Phishing,Oracles,0x1447b1cB205158D98FdBd312b37ed9dd1481fB62
Csdb__ScamDomains__62ce08,62ce08,envoin.org,,Phishing,Envion,0x25CE2252a80c1c4FDf12FD9c608858c23b3094Ef
Csdb__ScamDomains__5d4da4,5d4da4,gladius.im,,Phishing,Gladius,0x55456cBd1F11298B80A53c896F4B1dC9Bc16c731
Csdb__ScamDomains__230ecc,230ecc,wabitoken.com,,Phishing,Wabi,0x57DCF20135B0Cb9D167e8ebFe13b84bfD67645ed
Csdb__ScamDomains__d9a7fb,d9a7fb,tokensale.gizer.in,,Phishing,Gizer,0xa2A3a8e4a1877da1C913df7591ac0D72f27D4510
Csdb__ScamDomains__b90854,b90854,ico-wacoin.com,,Phishing,Wabi,0x1cea7999fdafe5d156952ebf1816e8aa67a5485e
Csdb__ScamDomains__15ec08,15ec08,bitclaive.com,,Phishing,BitClave,0xAb1C30cd2d9964b3B845ef744E2E4043739430e5
Csdb__ScamDomains__2d1a63,2d1a63,gladius.ws,,Phishing,Gladius,0x55456cBd1F11298B80A53c896F4B1dC9Bc16c731
Csdb__ScamDomains__9e967d,9e967d,tokensale.gamefllp.com,,Phishing,Gameflip,0x9D0b8447f16d6bC1de2B52d63e9c487bD778a91D
Csdb__ScamDomains__498263,498263,qlink-ico.com,,Phishing,Qlink,0xeB8b629Df028f5353649460F1c06bF394dE8641f
Csdb__ScamDomains__afb5de,afb5de,mobus.network,,Phishing,Mobius,0xa5797eA738AbF85Db7B3f2e04A4a40A5180044A8
Csdb__ScamDomains__fa830a,fa830a,hellobloom.me,,Phishing,Hellobloom,0x51DcD13361C5D921D2C4818e419011301e7BE34e
Csdb__ScamDomains__575c55,575c55,propsproject.tech,,Phishing,Props,0x57DCF20135B0Cb9D167e8ebFe13b84bfD67645ed
Csdb__ScamDomains__67b671,67b671,propsprojects.com,,Phishing,Props,0xfCDd417b449C982Fc9b6d7B117E417682E81b627
Csdb__ScamDomains__6f8f9c,6f8f9c,propsproject.org,,Phishing,Props,0x72A66Bba491F0C696c4c4e3154D07B241d371944
Csdb__ScamDomains__d63d67,d63d67,sirin-labs.com,,Phishing,SirinLabs,0xeacEB8e777dC8b1c11b8730904D13fBDA070846f
Csdb__ScamDomains__47179e,47179e,sirinlabs.co,,Phishing,SirinLabs,0xEed48722238b98317D849fA591D96B7efBE9B06F
Csdb__ScamDomains__6c43cb,6c43cb,envlon.org,,Phishing,Envion,0x0D502F90C0a740b9C069ddec1c436D483ED7ab8E
Csdb__ScamDomains__d353c2,d353c2,sirnlabs.com,,Phishing,SirinLabs,0xb37722E14FcFc78A56312A9a746C5474822002F2
Csdb__ScamDomains__87ea78,87ea78,xn--envon-1sa.org,,Phishing,Envion,0x0387cfC283fFcF25A4a6A61E832545Bbeb7c8fdA
Csdb__ScamDomains__587f5c,587f5c,sirinlbs.com,,Phishing,SirinLabs,0xa7a020aE798A0a026c57eD6cBE48b21D3DBBEc5B
Csdb__ScamDomains__171713,171713,envion.co,,Phishing,Envion,0x8c9d299cc3C2111499416Cf4E3677328486cFac2
Csdb__ScamDomains__938adc,938adc,changellyli.com,,Phishing,Changelly,0x4C191DCa6cecFA1e55CAA3CF178eea52728B13E7
Csdb__ScamDomains__63414b,63414b,xn--nvion-hza.org,,Phishing,Envion,0x514E9CA5406F112aBa902b0CbA87395b914D861e
Csdb__ScamDomains__a9ecc3,a9ecc3,envion-ico.org,,Phishing,Envion,0x0387cfC283fFcF25A4a6A61E832545Bbeb7c8fdA
Csdb__ScamDomains__e8a18e,e8a18e,tronlab.co,,Phishing,Tron,0x2da8703d18AFeD53B303119E4fF06CF035a9fadB
Csdb__ScamDomains__4539f4,4539f4,sirin-labs.org,,Phishing,SirinLabs,0x2bcC8aefa2fc9D8E52DaD098778Bb0A8D08a4aA3
Csdb__ScamDomains__cbf39b,cbf39b,wabicoin.co,,Phishing,Wabi,0x29e225d888cf11c5e67613bffd30bcf071eb3d4a
Csdb__ScamDomains__807b3b,807b3b,singularty.net,,Phishing,Singularity,0x7F2b4801c338A7B3cc322bFAf151aFea8708E8e0
Csdb__ScamDomains__4f67ef,4f67ef,iconfoundation.io,,Phishing,Icon,0x2da8703d18afed53b303119e4ff06cf035a9fadb
Csdb__ScamDomains__9652fe,9652fe,envion.top,,Phishing,Envion,0xdbe6dba965afc52f5b3d51e4b15e372f45d4106a
Csdb__ScamDomains__03a557,03a557,envion.one,,Phishing,Envion,0x9441A81FB67f44Ce7B31C311317e136E7067F8cA
Csdb__ScamDomains__c68db5,c68db5,envione.org,,Phishing,Envion,0xF855fEE50A8915634a105385cb6cB9e442D15457
Csdb__ScamDomains__22c802,22c802,gatscoin.io,,Phishing,Gatcoin,0xDaa29859836D97C810c7F9D350D4A1B3E8CafC9a
Csdb__ScamDomains__158442,158442,singularitynet.info,,Phishing,SingularityNET,0xFE68DE56A07cD3AF0Ec40c22b0193115eCdD0501
Csdb__ScamDomains__b83fbb,b83fbb,xn--hapeshit-ez9c2y.com,,Phishing,Bitcoin,0x3853BA76eC6AE97818E2d0e0839c9EDa6C396690
Csdb__ScamDomains__2ebf7f,2ebf7f,elherdelta.io,,Phishing,EtherDelta,0xE10270BFb1eD82E120BfC392efb3C94a1604DeD6
Csdb__ScamDomains__d3b0eb,d3b0eb,ethereum-giveaway.org,,Scamming,Giveaway,0x8444173280E5fDC0525494638123b014CfFcC521
Csdb__ScamDomains__5bd397,5bd397,props-project.com,,Phishing,Props,0x72A66Bba491F0C696c4c4e3154D07B241d371944
Csdb__ScamDomains__f99985,f99985,zilliaq.com,,Phishing,Zilliqa,0x72A66Bba491F0C696c4c4e3154D07B241d371944
Csdb__ScamDomains__49ce80,49ce80,cashaa.co,,Phishing,Cashaa,0xEC2D5cC008Ba6D2237d33CA9CF74B684737FCaE8
Csdb__ScamDomains__abaca3,abaca3,tokensale.bluzelle.promo,,Phishing,Bluzelle,0xAc82537fae701B2046F62BB718c4857787b0b647
Csdb__ScamDomains__a934b7,a934b7,nucleusico.com,,Phishing,Nucleus,0xf962933e44b1DFC771738A034c80D87bDcd96eCC
Csdb__ScamDomains__ac2d23,ac2d23,tokenselfkey.org,,Phishing,Selfkey,0x52005B77fbEBf53cfD9527A388f58d0431AaaA3e
Csdb__ScamDomains__085ffc,085ffc,dai-stablecoin.com,,Phishing,MakerDao,0xc94a6e7776bade5da316cf6fd8c751fb0d5c3c5e
Csdb__ScamDomains__897d9b,897d9b,xn--os-g7s.com,,Phishing,Eos,0x58a166f9a6ff996e2349eea90d42cc198529a037
Csdb__ScamDomains__4a50d6,4a50d6,xn--myeherwalet-ns8exy.com,,Phishing,MyEtherWallet,0x58a166f9a6ff996e2349eea90d42cc198529a037
Csdb__ScamDomains__3838c4,3838c4,gifto.tech,,Phishing,Gifto,0x0059b14e35daB1b4EEe1e2926C7A5660dA66F747
Csdb__ScamDomains__d0a60e,d0a60e,bluzelle.site,,Phishing,Bluzelle,0xFa1F0b67B9b48b2E87467D72f09722E19eD601bd
Csdb__ScamDomains__15fea6,15fea6,bluzelle.eu,,Phishing,Bluzelle,0x119240Ef17333E8DCB19A0DD4f5fC848981b0Ff4
Csdb__ScamDomains__5e8a5c,5e8a5c,sether.in,,Phishing,Sether,0x6AF114154A8850B1c54d48bD9103BDCdB420611B
Csdb__ScamDomains__6b3237,6b3237,bluzelle.pro,,Phishing,Bluzelle,0x0B7f284D74F549731499C44aEd2A10ADCc9E9cC0
Csdb__ScamDomains__4e5ad4,4e5ad4,etherzero.org,,Scamming,Etherzero,0xf33068d5e798f6519349Ce32669D1EC940Db1193
Csdb__ScamDomains__e09753,e09753,selfkey.co,,Phishing,Selfkey,0xB2AC8e363eA34201df532A01522a006fCAa389Ee
Csdb__ScamDomains__7f5af4,7f5af4,token-selfkey.org,,Phishing,Selfkey,0x02673ebfbfaed5891f6b14248b0e2753a8758fbf
Csdb__ScamDomains__64a4fc,64a4fc,gatcoins.io,,Phishing,Gatcoin,0xb37DA5c9179345341Fe50D37cfc961ba47C01f9a
Csdb__ScamDomains__26341d,26341d,ethzero-wallet.org,,Scamming,Etherzero,0xC1dD8Ac971129C8C08333924F58Ff40a50b8bb9a
Csdb__ScamDomains__bbef05,bbef05,icoselfkey.org,,Phishing,Selfkey,0xB23fB6cC17026D1Ce9cD543Cb69A023569503e4c
Csdb__ScamDomains__e25405,e25405,waltontoken.org,,Phishing,Walton,0x660d30d1fbafdc88a1951370cbe2b3094dbf224b
Csdb__ScamDomains__ec1ff4,ec1ff4,ethblender.com,,Scamming,Blender,0x91619a3456FDbAc90bD93f51F2917981f0ED3097
Csdb__ScamDomains__c4f374,c4f374,tron-wallet.info,,Scamming,Tron,0xf4c87c851d772b0f9e72cca0690327f2bc505015
Csdb__ScamDomains__351c55,351c55,ether-wallet.org,,Scamming,WebWallet,0xc0fed35b43f59c2bfb1eb544bd8921bfb18140c2
Csdb__ScamDomains__abdfeb,abdfeb,bluzelle.network,,Phishing,Bluzelle,0xc169a0e826f22fc7d37a48aaa346ffb4521c35cd
Csdb__ScamDomains__a0ad82,a0ad82,ethereum-zero.com,,Phishing,Etherzero,0xac3800002e45ed2e1a55dedfa2aca137f6dba61e
Csdb__ScamDomains__bcdf16,bcdf16,sether.ws,,Phishing,Sether,0x1c39d6E0278D1A28Ce21DBD73826559b010224E5
Csdb__ScamDomains__50f02f,50f02f,bluzele.co,,Phishing,Bluzelle,0xB2A3FCf38979898e695c88947e3373bf1c2E9b37
Csdb__ScamDomains__84c83f,84c83f,bluzele.sale,,Phishing,Bluzelle,0xB2A3FCf38979898e695c88947e3373bf1c2E9b37
Csdb__ScamDomains__fc4d08,fc4d08,ico-bluzelle.com,,Phishing,Bluzelle,0x33bf8bde242216da572d6486d641ae0a18137306
Csdb__ScamDomains__0796cd,0796cd,bleuzelle.com,,Phishing,Bluzelle,0x0eF2724a6D8be9f72f3d35b62E1e8a37CEaF721e
Csdb__ScamDomains__236226,236226,bluzelle-ico.eu,,Phishing,Bluzelle,0xf747726200C7FC14Ef4CE267b1F070128C2260Dd
Csdb__ScamDomains__a061b5,a061b5,zeepln.io,,Phishing,Ins,0x0C8b0b3e963beCf16cda410fe1Eb4B5D64022C94
Csdb__ScamDomains__fe51ae,fe51ae,bluzelle-ico.com,,Phishing,Bluzelle,0xce686d019E6f692aF646A8dF3BfE789dA97a484f
Csdb__ScamDomains__1bfaae,1bfaae,wanchain.cloud,,Phishing,Wanchain,0x6d64486A5C99139b53239297E0b653D196d05777
Csdb__ScamDomains__7e1deb,7e1deb,intchain.network,,Phishing,Int,0xcc66ea7ef61a67df02afb18706c68a5f30b22300
Csdb__ScamDomains__2b03ec,2b03ec,nucleus-vision.eu,,Phishing,Nucleus,0x2789b7b3557f39643198433daEBF6b43512Be65B
Csdb__ScamDomains__ac4bde,ac4bde,tongramico.com,,Phishing,Telegram,0xB9Cfb36060785F6800B1aB9ccC9B4F341d097399
Csdb__ScamDomains__649896,649896,omisegonetwork.site,,Phishing,OmiseGo,0x75dbe6e21e38a05a82ad64281a9e28a627619273
Csdb__ScamDomains__2a2a69,2a2a69,nucleus-vision.org,,Phishing,Nucleus,0x93574D7c405717D80520944Ee1Cb72D327B01dF5
Csdb__ScamDomains__d9405a,d9405a,bluzelie.com,,Phishing,Bluzelle,0xd5EDb088b7382b397238f5010D14cf10Dd395007
Csdb__ScamDomains__a62c8f,a62c8f,pundix.eu,,Phishing,Pundi,0xaC513396Ee50091972eE6fc07D120b6Ad360b233
Csdb__ScamDomains__b0ac0d,b0ac0d,paywithlnk.com,,Phishing,Ink,0x94D55B6f8b53903026399ab45294140EAfbFbF44
Csdb__ScamDomains__5b2a99,5b2a99,ton-gramico.com,,Phishing,Telegram,0x8202b590Eca4662446102b3a97E3536aAc8ab941
Csdb__ScamDomains__9ac408,9ac408,grampreico.com,,Phishing,Telegram,0x26F7Eb488661C33c43089aD61944f3231222b32f
Csdb__ScamDomains__ecd75e,ecd75e,dimnsions.network,,Phishing,Dimensions,0xF394D807795ff57373F1fe903046596CB0f69ACC
Csdb__ScamDomains__ce7e8d,ce7e8d,gramico.info,,Phishing,Telegram,0xcae77a05ab518492144944fb50572ebfa3595870
Csdb__ScamDomains__0ad989,0ad989,wanchainfoundation.org,,Phishing,Wachain,0xBbDEF8b12BABD3ab6018566BC17eC3Aa302b8348
Csdb__ScamDomains__55f918,55f918,cobin-hood.com,,Phishing,Cobinhood,0xD362C189cb0056159d2fE22bD8203e26579f620D
Csdb__ScamDomains__831316,831316,nucleuss.vision,,Phishing,Nucleus,0x6122EE683dbEe50fD432fE5BdD8Ac055aA3D42b1
Csdb__ScamDomains__02fba3,02fba3,wanchainalliance.org,,Phishing,Wanchain,0xdF3e77CD5e563f93fC7ecA905d3302e95f9bb150
Csdb__ScamDomains__362681,362681,wanchainltd.org,,Phishing,Wanchain,0xd9D25DcE4c3765855c76F3d2BAccc0755C4d0bc5
Csdb__ScamDomains__8fe4eb,8fe4eb,wanchainetwork.org,,Phishing,Wanchain,0x9B521529D04329C2B0a9F9B7DB18ed775c6cA8FC
Csdb__ScamDomains__f54fb8,f54fb8,cindicator.network,,Phishing,Cindicator,0x545f5e5c54d8ac72af1c7de8c070387b73841a24
Csdb__ScamDomains__15ae39,15ae39,beetoken-ico.eu,,Phishing,Bee,0xE0b13c073e8173b06062c69A160EbB54e2AF86c3
Csdb__ScamDomains__e9aee5,e9aee5,iost.co,,Phishing,Iost,0x545f5E5c54d8ac72AF1c7DE8c070387b73841A24
Csdb__ScamDomains__c3ab3a,c3ab3a,ico-telegram.io,,Phishing,Telegram,0x88436c2a2f427f2aa641dfd8c6763facf2bad7bf
Csdb__ScamDomains__66c8c1,66c8c1,wanchainfunding.org,,Phishing,Wanchain,0xB76a4770587f76d6c644DeeC275a2c76069b5F14
Csdb__ScamDomains__8eae3b,8eae3b,dadi-cloud.net,,Phishing,Dadi,0x0d9786138578fcdcce04435592545ef08422d755
Csdb__ScamDomains__361bef,361bef,play.google.com,,Phishing,EtherDelta,0xbb53be0690ae7256833099a1f01125eb33445692
Csdb__ScamDomains__3d6f39,3d6f39,daditoken.com,,Phishing,Dadi,0xbE11D0d38Ef4857224032afc9C96647492F726cE
Csdb__ScamDomains__7a01a8,7a01a8,daddi.cloud,,Phishing,Dadi,0xD0Ac32Ab01D9D3EC145EF63f73BF4e222dBCc0fb
Csdb__ScamDomains__47b593,47b593,nyeihitervvallat.com,,Phishing,MyEtherWallet,0xdafc2a2d4e070f863cfcb5887bc2516e05e18877
Csdb__ScamDomains__59197c,59197c,ico-telegram.org,,Phishing,Telegram,0xAC1a4f4D49715e31f54CB8e0bf867Bb9170C10Cb
Csdb__ScamDomains__cd8c3c,cd8c3c,ocoin.tech,,Phishing,Ocoin,0x0059b14e35daB1b4EEe1e2926C7A5660dA66F747
Csdb__ScamDomains__f6dcae,f6dcae,data-token.com,,Phishing,Data,0xd9cd7461f960e56364a294f124aac77b25e2b784
Csdb__ScamDomains__af4a06,af4a06,beetoken-ico.com,,Phishing,Bee,0xf5C86C5BA5291DA78a2b4119dD7AEF99e3508362
Csdb__ScamDomains__196b89,196b89,token-gram.org,,Phishing,Telegram,0xb2172027cb233198A3945A2c864f1Ec5b7E3b3Da
Csdb__ScamDomains__f183f5,f183f5,sparc.pro,,Phishing,Sparc,0x94763846b1fcB75fcCfcb51a9636dDc26Af281b1
Csdb__ScamDomains__02bc20,02bc20,medicalchian.com,,Phishing,MedicalChain,0x25F8b4acD2c37D7eBAE0066fdf9f13F327c0c4EB
Csdb__ScamDomains__7f986b,7f986b,fusion-ico.com,,Phishing,Fusion,0x3CF71871d2f56A6af21bf17ca2652cbC12E8ba1f
Csdb__ScamDomains__8ffcdf,8ffcdf,republicprotocol.eu,,Phishing,Republic,0x94B40ECC7B38F5A9316B03dac4fC663E4D10cd15
Csdb__ScamDomains__705845,705845,arcblock.eu,,Phishing,Arcblock,0xd1BDD067f5F1CbD358E2DDe444f8d9f41dE8AE76
Csdb__ScamDomains__b879ab,b879ab,republic-protocol.net,,Phishing,Republic,0xFA956f10da5E16f120EB299dF963c1f7563Bf66b
Csdb__ScamDomains__2a64ef,2a64ef,docs.google.com,,Phishing,Nucleus,0x9eb041AF96d44583110565ABeC79aedf22Eb60b5
Csdb__ScamDomains__26b0f4,26b0f4,data-wallet.co,,Phishing,Datawallet,0xc9a08162b95915Edf6570F0439757e1F655De576
Csdb__ScamDomains__ba6b11,ba6b11,fintrux.co,,Phishing,Fintrux,0x7Eb28833082eB28fD423aB30Df20afDE98C47DBF
Csdb__ScamDomains__c65b82,c65b82,refereum-token.com,,Phishing,Refereum,0x636e5292882e2342aaf82d651322aea09a3e5392
Csdb__ScamDomains__86ce19,86ce19,refereum-ico.eu,,Phishing,Refereum,0xE276c66Af8853cDD91c1a25608B4E8B599F4da0e
Csdb__ScamDomains__0f5f99,0f5f99,fintrux.eu,,Phishing,Fintrux,0xE276c66Af8853cDD91c1a25608B4E8B599F4da0e
Csdb__ScamDomains__c0bc0e,c0bc0e,tokensale-fusion.org,,Phishing,Fusion,0xe350160E3C8A07E92Ec58DDcb8DF81A73Aedc6f9
Csdb__ScamDomains__21ef9f,21ef9f,xn--fuson-1sa.org,,Phishing,Fusion,0xf021428381172eF96988b31F241f4000259488F7
Csdb__ScamDomains__115eca,115eca,tokensale-fusion.com,,Phishing,Fusion,0xe350160E3C8A07E92Ec58DDcb8DF81A73Aedc6f9
Csdb__ScamDomains__81a7fc,81a7fc,decentral.market,,Phishing,News,0xdefb014b9e2f3bd81cdb084821f99b681cfca695
Csdb__ScamDomains__64be7f,64be7f,adhive.net,,Phishing,Adhive,0x74104E8C7F546C7398d198F6678310cE9D1b8814
Csdb__ScamDomains__b2fe7a,b2fe7a,originprotocol.io,,Phishing,Origin,0x4c569022016eBa68EA10DEE702670dc82d2749af
Csdb__ScamDomains__f33718,f33718,globitexico.online,,Phishing,Globitex,0x16b9c4333559256CA7D87B28C6fb2e8415b4711f
Csdb__ScamDomains__cd9a59,cd9a59,nucleus-vision.cc,,Phishing,Nucleus,0x89E5124B5162A0CEEc512e8bA97Cd5E6F065fd13
Csdb__ScamDomains__fb5ad5,fb5ad5,sale-earn.com,,Phishing,Earn,0x9e009c57b36aC7e3382697b4c9d3E7092A1CDb42
Csdb__ScamDomains__783a9b,783a9b,dock.promo,,Phishing,Dock,0x0AF16719353EddC122eAf834638406c499197860
Csdb__ScamDomains__fc5dc6,fc5dc6,dock.so,,Phishing,Dock,0x602026bD56bF9Ca9D86926669e4353035aCA2A88
Csdb__ScamDomains__3bec76,3bec76,gonetwork.eu,,Phishing,Gonetwork,0x629b2Aa7FddA8f7527d6f8ea742c1d5774E567EA
Csdb__ScamDomains__8e7c68,8e7c68,token.gonetwork.pro,,Phishing,Gonetwork,0x4BDE78EaD56A30055D33Bf84f52E420b0f6070Ba
Csdb__ScamDomains__a56dfa,a56dfa,remme-ico.eu,,Phishing,Remme,0x89E5124B5162A0CEEc512e8bA97Cd5E6F065fd13
Csdb__ScamDomains__5fefe3,5fefe3,fundrequest.info,,Phishing,Fundrequest,0x76c88cd1eC2442c4f929B0f87280bE006D7BA725
Csdb__ScamDomains__b8f1cf,b8f1cf,icotoken-current.top,,Phishing,Rightmesh,0x169b6c7Ed548e45bA9D87B2D32ff27e2D00051Ef
Csdb__ScamDomains__3b1aed,3b1aed,remme.live,,Phishing,Remme,0xE41031233301370491d47477E1171daB212d5352
Csdb__ScamDomains__7f4de2,7f4de2,dock-ico.site,,Phishing,Dock,0x0AF16719353EddC122eAf834638406c499197860
Csdb__ScamDomains__f98f7b,f98f7b,tokensale-dock.io,,Phishing,Dock,0x9CdfC5b0ACA4527a0916412E9dbD6AD85556A494
Csdb__ScamDomains__24fc2a,24fc2a,dock.su,,Phishing,Dock,0x0AF16719353EddC122eAf834638406c499197860
Csdb__ScamDomains__232323,232323,dock-ico.eu,,Phishing,Dock,0x9546748F47a77408dfBFF0DC22505B2e9a75FdA4
Csdb__ScamDomains__7f2ac2,7f2ac2,docks.site,,Phishing,Dock,0x8A6fcF189437928A6a07F6899B675D11F3D3F778
Csdb__ScamDomains__69f807,69f807,dock.io-bonus.online,,Phishing,Dock,0xB0dbA64e6a353A74cc78E8A98914c4Dff517bA7D
Csdb__ScamDomains__b50f8d,b50f8d,finetrux.com,,Phishing,Fintrux,0xcCdf72DE615b5158BB37931BbCE645aa69221520
Csdb__ScamDomains__dc9c48,dc9c48,fin-trux.com,,Phishing,Fintrux,0xcCdf72DE615b5158BB37931BbCE645aa69221520
Csdb__ScamDomains__c70a75,c70a75,seele.promo,,Phishing,Seele,0x4bb1c210E3921E0F051ed00e898B9605c902114e
Csdb__ScamDomains__4c4f3f,4c4f3f,seele-ico.eu,,Phishing,Seele,0x4899F3371Fb9F8E68A0b639bf1FD75220A089c42
Csdb__ScamDomains__b86735,b86735,seele-ico.pro,,Phishing,Seele,0x4bb1c210E3921E0F051ed00e898B9605c902114e
Csdb__ScamDomains__d5ddd5,d5ddd5,polyswarm.bid,,Phishing,Polyswarm,0xe88379631857c0d8174EFEfDf8DCA25b29610f08
Csdb__ScamDomains__62e31c,62e31c,sale-dock.com,,Phishing,Dock,0x7ba85E2e55c7598378Fe927aD2Aef2DAc6c45218
Csdb__ScamDomains__96e2ac,96e2ac,polyswarm.in,,Phishing,Polyswarm,0x7dCfD020aD161fBD4C45894ab352582018eA9197
Csdb__ScamDomains__385e01,385e01,seele-token.pro,,Phishing,Seele,0x0b591a58137f154F59Aea1284166d6A7b49821Fd
Csdb__ScamDomains__f5e87e,f5e87e,dock-io.org,,Phishing,Dock,0xEc970BbF167beee6fb536f1839418f3D19cE2a69
Csdb__ScamDomains__82bd01,82bd01,polyswarm.pw,,Phishing,Polyswarm,0x247733aF8B2BB8e63e3a2A419761c0fd71D40499
Csdb__ScamDomains__7485e7,7485e7,dock.click,,Phishing,Dock,0x9CdfC5b0ACA4527a0916412E9dbD6AD85556A494
Csdb__ScamDomains__265741,265741,dock-tokensale.eu,,Phishing,Dock,0x4899F3371Fb9F8E68A0b639bf1FD75220A089c42
Csdb__ScamDomains__d62109,d62109,polyswarm.tech,,Phishing,Polyswarm,0x570AC27D1048dCBA1a4c58FE80109b9cf9b0e2Ef
Csdb__ScamDomains__efe1ab,efe1ab,dflnlty.org,,Phishing,Dfinity,0xf4710562c804087AF20b7396Ce7CbA38B43fB61F
Csdb__ScamDomains__1cf372,1cf372,electrify-asia.info,,Phishing,ElectrifyAsia,0x71B7767A9464ea1AD82DB434F06d9330d34a9fE5
Csdb__ScamDomains__617a8d,617a8d,sale-orchid.com,,Phishing,Orchid,0x79A9e902cFbE87fa5065905293992C15dE7F6095
Csdb__ScamDomains__df9ae6,df9ae6,el-petro-coin.com,,Phishing,Petro,0xE977419eF28e71Ed541fF6318cEA9a6392709a48
Csdb__ScamDomains__ab9aea,ab9aea,havven.promo,,Phishing,Havven,0xD3D26c61401924939Bee67dffdb7aA7A0138844C
Csdb__ScamDomains__7c1c57,7c1c57,havven-ico.eu,,Phishing,Havven,0xD3D26c61401924939Bee67dffdb7aA7A0138844C
Csdb__ScamDomains__bbfd66,bbfd66,havven.info,,Phishing,Havven,0xa1b70Dc70FB74767cd380985Cf93C4Fb132fC4F7
Csdb__ScamDomains__b4ddfd,b4ddfd,address-transfer-confirmation.droppages.com,,Scamming,Twitter,0x785a751B2E36b2B0Fdb80100B7ca14889a768A22
Csdb__ScamDomains__2c0b61,2c0b61,akasha-world.com,,Scamming,Akasha,0x8645eC394f7af95316639dcE6F99c01476B0d888
Csdb__ScamDomains__71146f,71146f,6khb.payment-checker-ethereum-id-bslyftexjuwcgv8.filesusr.com,,Scamming,Twitter,0xaa2498d85bA7559006f90110A4Bc33c10A06c1AF
Csdb__ScamDomains__942946,942946,eth-transact.secure.droppages.com,,Scamming,Twitter,0xe009321b26350c2CFF5DB607068c1f6813df40d7
Csdb__ScamDomains__f78e82,f78e82,neonexchanges.org,,Scamming,Gonetwork,0xa8eb559EEb38C6CB6A8BC6C39bAdd86B113cd875
Csdb__ScamDomains__549cc4,549cc4,secure-transaction-confirmation.droppages.com,,Scamming,Trust-Trading,0x52B34625687D6266a3B98fD5d214828F0670D7Ed
Csdb__ScamDomains__6657a9,6657a9,gonetwork-airdrop.co,,Phishing,Gonetwork,0xa8eb559EEb38C6CB6A8BC6C39bAdd86B113cd875
Csdb__ScamDomains__a029e2,a029e2,havven.cc,,Phishing,Havven,0x717D2041c516573a0e27F552CdB6C5c3EC7B4e09
Csdb__ScamDomains__fb2234,fb2234,havventoken.com,,Phishing,Havven,0xCc49d1f23F01DEcD4E18B6AAACccb038c9648E30
Csdb__ScamDomains__fa46bc,fa46bc,dfinlty.org,,Phishing,Dfinity,0xCB89576d5e1627f4a0C64C2bb4d51798e92E8b8F
Csdb__ScamDomains__495ef6,495ef6,transfer-address-confirmation.droppages.com,,Scamming,Trust-Trading,0x37c85A7523B1832B4D0380B2f513e88B66e8c850
Csdb__ScamDomains__f26628,f26628,ataritoken.ltd,,Phishing,Atari,0x560833296ef7A7F41b30c1065225Fa9b33830c19
Csdb__ScamDomains__aa78f5,aa78f5,hawen.io,,Phishing,Havven,0x175F6DbF87215A6DA7107977B4680bc3db31b2dE
Csdb__ScamDomains__b714a0,b714a0,havven.xyz,,Phishing,Havven,0x362291375bD3fc2Ff0f928184bD6f373F92Dea57
Csdb__ScamDomains__563c62,563c62,tokensale.xn--havve-7l1b.com,,Phishing,Havven,0xc8ac47854a3fed2b444beb83f4c95ba092a3a735
Csdb__ScamDomains__d63b45,d63b45,havvens.win,,Phishing,Havven,0xCc49d1f23F01DEcD4E18B6AAACccb038c9648E30
Csdb__ScamDomains__3fc53b,3fc53b,heavven.io,,Phishing,Havven,0x86e00684EA92cb87F40d74C5EBde97ef9A17753e
Csdb__ScamDomains__0ebe29,0ebe29,tokensale-adhive.com,,Phishing,Adhive,0xC4625787be3fcCfF6AC2971945806AcC167C8CBd
Csdb__ScamDomains__5bd059,5bd059,ipsx.promo,,Phishing,Ipsx,0xb8689c29bdc7c84f33706ff0f96eafc222ba6d86
Csdb__ScamDomains__8c0868,8c0868,dflinity.org,,Phishing,Dfinity,0xe74b02131Ed2184eb94fD357b4f303E6935367f5
Csdb__ScamDomains__e47bab,e47bab,havven.eu,,Phishing,Havven,0x18f3489D959Fd0e3fAC366646e08f9aEabeA4D75
Csdb__ScamDomains__fff593,fff593,havven.sale,,Phishing,Havven,0x1e12436889E2459202437077549e35b56f1299Cb
Csdb__ScamDomains__5aa169,5aa169,tomo-coin.io,,Phishing,Tomo,0x878cce43a3b9d8A872a33d2d6CCD561E033707f4
Csdb__ScamDomains__3a6b23,3a6b23,jsfiddle.net,,Phishing,Trust-Trading,0x24aa18952E80707dad3ab4c9C97E787f2Af337Ca
Csdb__ScamDomains__f6675a,f6675a,metronometoken.io,,Phishing,Metronome,0x2F141d0cD81011436Df8fA04bDAC01cb6Cf51a65
Csdb__ScamDomains__9232a3,9232a3,ico-havven.org,,Phishing,Havven,0x4fafc9291a0112a0ee0928361c02848ff2fdf6bd
Csdb__ScamDomains__6ddab0,6ddab0,tokensale-havven.in,,Phishing,Havven,0xfb1a7CCf5bCd436DCc0acB49ba1fB9F57Bb4d064
Csdb__ScamDomains__49b756,49b756,havven.top,,Phishing,Havven,0xBC210eC2EFAda9DF4897Dc9B23c58E96c01eF711
Csdb__ScamDomains__1c791e,1c791e,etnerscan.io,,Phishing,Etherscan,0x1de23F02E185fDc4f6BACc98D6c6419370E38538
Csdb__ScamDomains__9eafc1,9eafc1,havven-sale.com,,Phishing,Havven,0x39D7C7acEc5bB282A4fB6E998D3D0099fF7780cf
Csdb__ScamDomains__2ec323,2ec323,tomocoln.io,,Phishing,Tomo,0x717D2041c516573a0e27F552CdB6C5c3EC7B4e09
Csdb__ScamDomains__c27efe,c27efe,dftnity.org,,Phishing,Dfinity,0xC5f6690F7b60FE739908E02AeC46aE07718CEc5f
Csdb__ScamDomains__938b10,938b10,ethereum-promo.bitballoon.com,,Scamming,Trust-Trading,0x3715b1Ed9bbd5e165aF97619b5C5e13E39F55504
Csdb__ScamDomains__2fc3fd,2fc3fd,xn--thabyss-u8a.com,,Phishing,Abyss,0xB177fC9A7CAAa9c50D82c5D2533750F1D72aAC86
Csdb__ScamDomains__40046e,40046e,docai.science,,Phishing,Docai,0xF2dcFa51F83e41c0e988477f939c7A5e5b9a6905
Csdb__ScamDomains__201e99,201e99,bittrex-give.com,,Scamming,Trust-trading,0x1363077895B20Ae90f80794cE4e575559517d033
Csdb__ScamDomains__606088,606088,odachi.neocities.org,,Scamming,Trust-trading,0xF23F9dda63ed0628609272DC0544C7a2f7189f51
Csdb__ScamDomains__361fee,361fee,tomocoin.network,,Phishing,Tomocoin,0x38B7Ca3B78c51364095BC56146D25F55AEe0af21
Csdb__ScamDomains__103697,103697,eth.secure-transactionssecure.com,,Scamming,Trust-trading,0xb82bFd79d5A8C0cc0d4C045633288b48A2beDdcB
Csdb__ScamDomains__4e5f86,4e5f86,transfer-eth.neocities.org,,Scamming,Trust-trading,0xd79eB898431eA62636F08f738D10eB00446403dE
Csdb__ScamDomains__aa0083,aa0083,reeveclancy.wixsite.com,,Scamming,Trust-trading,0x3007a0Db9CAAD557CF4589Cfd550c21ce9399b15
Csdb__ScamDomains__c9a06c,c9a06c,eth953883.htmlcomponentservice.com,,Scamming,Trust-trading,0xfddBfa1b0B93612b95e3296690b63B74D019370C
Csdb__ScamDomains__ede20d,ede20d,eth-transactions.neocities.org,,Scamming,Trust-trading,0x0755e59d505c9b473Aec50B476dF3ea2045739aa
Csdb__ScamDomains__660f99,660f99,myetherwallet.com.send-transaction_8hlg6z8mgt6zyg.ilil.pw,,Scamming,Trust-trading,0x1CcC9b2769741aB0e1620721Df7Cf8FF1D70716B
Csdb__ScamDomains__554773,554773,binance-give.com,,Scamming,Trust-trading,0x915c95415D3449212FD0991CCF5eB42864118EC9
Csdb__ScamDomains__74e318,74e318,binance.bitballoon.com,,Scamming,Trust-trading,0xD43F2111e4055120196285eC094aA6e96998668b
Csdb__ScamDomains__35e40d,35e40d,eth-giveaway-209.statichtmlapp.com,,Scamming,Trust-trading,0x0Dea8A35F4E39cDF65d3cC11f10612E9E0278b60
Csdb__ScamDomains__e9debc,e9debc,geocities.ws,,Scamming,Trust-trading,0x2b5268FDE5041f6B1Afd77166De4e9eA5D9e967a
Csdb__ScamDomains__f986d6,f986d6,xn--binnce-y0a.com,,Scamming,Trust-trading,0xD0B473271e9D38dFD11925d62eF8c0a2cf033a9C
Csdb__ScamDomains__100b33,100b33,ethereum-giveaway.info,,Scamming,Trust-trading,0x23d56797f64640e96FEaF57b7874C897b53ef0E4
Csdb__ScamDomains__462339,462339,bonus.etherpayout.com,,Scamming,Trust-trading,0x508e1101755a4a6ae228b0e18002a816ce3418cE
Csdb__ScamDomains__8a7bf2,8a7bf2,ethfreepays.com,,Scamming,Trust-trading,0x0A9f58EE19A7131Ed031eA66a032c05C7efe965A
Csdb__ScamDomains__b97eff,b97eff,telegra.ph,,Scamming,Trust-trading,0x5F58fE612DB5B3E97FAf4A2E8f38B4AE295288Aa
Csdb__ScamDomains__10386a,10386a,eth-giveaway-514.htmlcomponentservice.com,,Scamming,Trust-trading,0x1e3c07Ce10973fCAebC81468af1d3F390d2A4c71
Csdb__ScamDomains__464292,464292,eth-cz-319.htmlcomponentservice.com,,Scamming,Trust-trading,0x1e3c07Ce10973fCAebC81468af1d3F390d2A4c71
Csdb__ScamDomains__6ff787,6ff787,ico-telegram.club,,Phishing,Telegram,0xAF313b5cF52D7a2Ad7785d008660ab68421dB2D1
Csdb__ScamDomains__3b7f9a,3b7f9a,eth4free.ml,,Scamming,Giveaway,0x693D47204555361D4d51311f97102a1507559802
Csdb__ScamDomains__ff9f4c,ff9f4c,polyswamr.io,,Phishing,Polyswarm,0xC7308d5A7220Dc021CCF417445cB28cBb8Fece66
Csdb__ScamDomains__39e55c,39e55c,eth-giveaway-706.htmlcomponentservice.com,,Scamming,Trust-trading,0x1e3c07Ce10973fCAebC81468af1d3F390d2A4c71
Csdb__ScamDomains__a0b9a1,a0b9a1,icoeth.tk,,Scamming,Trust-trading,0x7bb386c33486fe345168d0af94bef03897e16022
Csdb__ScamDomains__a52e39,a52e39,eth-giveaway.com,,Scamming,Trust-trading,0xb65DB9F684F3BFa45Ad3fB4CDc4120618Ad81f00
Csdb__ScamDomains__74c945,74c945,eth-giveaway.info,,Scamming,Trust-trading,0xD33441A44Da0c1DCEE596aBB7ebDCdBa77c7DDBd
Csdb__ScamDomains__b0cbc0,b0cbc0,ethfreegive.com,,Scamming,Trust-trading,0xA7Ce02b8195FE8e3116A7e1248f2725EaAC86FeC
Csdb__ScamDomains__8c0a49,8c0a49,gramtoken.network,,Phishing,Telegram,0x0153775362C3071C1860e8dbfD53ccC82Fa226F5
Csdb__ScamDomains__fda6cd,fda6cd,ico-gram.net,,Phishing,Telegram,0x6642cEc9d02e4e669103a3Ed4F3505F437b8fe73
Csdb__ScamDomains__2d2c78,2d2c78,etherscanio.github.io,,Scamming,Trust-trading,0x34eeA3e741F9A3e77fB34E0793B1AF36EDC2b0AE
Csdb__ScamDomains__a72fc8,a72fc8,ethfreecandy.bitballoon.com,,Scamming,Trust-trading,0x69f8e87518129498da751f26ea2309db05e7270b
Csdb__ScamDomains__bc27c7,bc27c7,otoeveryday.info,,Scamming,Trust-trading,0x13369B4654Cb11D0D3b31AbFf0a2d74A78485aC6
Csdb__ScamDomains__605668,605668,eth-transaction.secure.kissr.com,,Scamming,Trust-trading,0x6067A95E7Bb071A5b73741628A0A5Cb5cC164203
Csdb__ScamDomains__d397a3,d397a3,smartexchangecenter.tk,,Scamming,Trust-trading,0x85e150d832942b10383b6d83211224c1ef37fad8
Csdb__ScamDomains__d341d1,d341d1,coin-promos.com,,Scamming,Trust-trading,0x3219eBDcBC9F79f59c8C53105f3E74E0289F3Ea9
Csdb__ScamDomains__98e0f5,98e0f5,campaigntoken.blogspot.de,,Scamming,Trust-trading,0x3219eBDcBC9F79f59c8C53105f3E74E0289F3Ea9
Csdb__ScamDomains__a5d255,a5d255,cryptongram.org,,Phishing,Telegram,1AfroW44dzHkjgbLEMLB3EvGDFegfkRewM
Csdb__ScamDomains__c369d2,c369d2,paymentaddress.tumblr.com,,Scamming,Trust-trading,0x40949225c4a1745a9946F6AAf763241c082cb9ac
Csdb__ScamDomains__657037,657037,promo-trx.tk,,Scamming,Trust-trading,0x3385D7af59359a63B411E84390dE380e90aFa7dC
Csdb__ScamDomains__26cb33,26cb33,ethfreepay.com,,Scamming,Trust-trading,0xBe969917962EF564f936a3F93dD4cfb315EC41Ee
Csdb__ScamDomains__188cbd,188cbd,eth-promo.bitballoon.com,,Scamming,Trust-trading,0x6DE5f0c142DaF2EAb3c0d3751f3Be6af5F359795
Csdb__ScamDomains__33ec08,33ec08,eth.vote,,Scamming,Trust-trading,0xc3853f32675AeBF17fF15E7fb0d2bfC7EB4CF11b
Csdb__ScamDomains__e7b117,e7b117,ethergiveawaytweet.tk,,Scamming,Trust-trading,0x1f6f1723d0db4e9783b7171392b6fa9ae1062fd9
Csdb__ScamDomains__ff6abd,ff6abd,celsius-ico.network,,Phishing,Celsius,0xb2b8d4337ADE6f8e6Da4954844b05b9A1AA9358a
Csdb__ScamDomains__6cfdfc,6cfdfc,html.house,,Scamming,Trust-trading,0xAA90aE1b969bc96e82C80E834b5F739E335B7e47
Csdb__ScamDomains__cbab54,cbab54,ethereumtrans.com,,Scamming,Trust-trading,0x4c7E065915F3B1461248Da453daE0609253E15f1
Csdb__ScamDomains__8b7d41,8b7d41,coinbase-secure-a2k34j.bitballoon.com,,Scamming,Trust-trading,0x98c29aFea6f69b59AD1790ce2e0EfFc0bd38433F
Csdb__ScamDomains__496acb,496acb,tongram.me,,Phishing,Telegram,0xa7fA566eF4F221737a7c89C3600F1e456c7D6604
Csdb__ScamDomains__b0262c,b0262c,ethfreeget.com,,Scamming,Trust-trading,0x47fEa7bB88BECA144E82Ce96A20A25A0974BA6Ba
Csdb__ScamDomains__aa2f06,aa2f06,b197c5a2-4c4a-408f-8197-93c81bd6e165.htmlcomponentservice.com,,Scamming,Trust-trading,0x83885Fc61837B4A9e0960Be80DA2f2Bc581ecBC6
Csdb__ScamDomains__e3fad1,e3fad1,giveaway.etherbonuses.com,,Scamming,Trust-trading,0x078c2b3B09528fD7B80C9ee715f378d382f9139B
Csdb__ScamDomains__814e7d,814e7d,ethereum-transfer.online,,Scamming,Trust-trading,0x5Bf2Df6EBCf90665d513C761ce5e516D99AE748A
Csdb__ScamDomains__a507d2,a507d2,trust-cryptopayment.com,,Scamming,Trust-trading,0x4dbef9b86bb3174312d1377b2623db2a9caa5137
Csdb__ScamDomains__c47eec,c47eec,binance-promo.net,,Scamming,Trust-trading,0x44ce1DE2379Aa6d6d4ad46c3531b9EEbB71f7F54
Csdb__ScamDomains__b0471e,b0471e,eth.hn,,Scamming,Trust-trading,0xfF2f6c6fbd71a078f1C1781855467D30897b5a33
Csdb__ScamDomains__342377,342377,info-transaction.com,,Scamming,Trust-trading,0x2a6C7867E605D0F0F940CeC1669D98a33cf4C299
Csdb__ScamDomains__207119,207119,airdrop-ether.bitballoon.com,,Scamming,Trust-trading,0xA3C67d993bf73Aa4F17ec03f900c865A4326CD7F
Csdb__ScamDomains__ee8821,ee8821,ether-promo.bitballoon.com,,Scamming,Trust-trading,0xd868A76A1dcc34854903376e734e3CFe461DD08C
Csdb__ScamDomains__3293c3,3293c3,et.gl,,Scamming,Trust-trading,0xfF2f6c6fbd71a078f1C1781855467D30897b5a33
Csdb__ScamDomains__bd1230,bd1230,ethgive.github.io,,Scamming,Trust-trading,0xd11d565Ba23b523ef7737AA24BdbB75a06521d87
Csdb__ScamDomains__61d65d,61d65d,big-promo-march.tumblr.com,,Scamming,Trust-trading,0x14d3cb89bfb1513cfae386d9d6ff447753fd04a5
Csdb__ScamDomains__bf7d41,bf7d41,giveaway-payment-add.bitballoon.com,,Scamming,Trust-trading,0xe00e1f7117a69c34694ac1815177c93491fc448f
Csdb__ScamDomains__1e2703,1e2703,secure-s28h3h2j54jehdh43jh3k5h42l4h23hk6l49sjxvsatoshilite.bitballoon.com,,Scamming,Trust-trading,0xa746d613d9b3A267Ad470E5CE980dBC12473247C
Csdb__ScamDomains__82d383,82d383,etherfreegive.com,,Scamming,Trust-trading,0x303345349Da72a28D12d5515F145dD77cB84BACC
Csdb__ScamDomains__7e1274,7e1274,eth-promo.com,,Scamming,Trust-trading,0x14258A5ddCad7001e8ac89B539df7E0f08A34500
Csdb__ScamDomains__2c5a00,2c5a00,eth-giveaway-vote.bitballoon.com,,Scamming,Trust-trading,0xe00e1f7117a69c34694ac1815177c93491fc448f
Csdb__ScamDomains__b13b6b,b13b6b,eth.vg,,Scamming,Trust-trading,0xe4a177146b18E986F0463364dD53F37F601f9F23
Csdb__ScamDomains__b4a51e,b4a51e,owainpritchard.co.uk,,Scamming,Trust-trading,0x410ebb88525ea799ea9e15a03f794f7f6f2fbdcd
Csdb__ScamDomains__b75177,b75177,musk.gift,,Scamming,Trust-trading,0x8335392FE1b236296C5D5f653264396De165e46c
Csdb__ScamDomains__49a398,49a398,eth.altervista.org,,Scamming,Trust-trading,0xBa25FEffe57126B503C2A313D928ee99E25884b6
Csdb__ScamDomains__8d0301,8d0301,galaxy-es0lutions.com,,Phishing,Galaxy,0x687aE5Cc3978BC07dB0B7f4D76FbAde966cf4Ba8
Csdb__ScamDomains__19c99c,19c99c,gramnetwork.org,,Phishing,Telegram,0x1e765c2fd0c3bb80d780f2b0e730b6cc3834bdfc
Csdb__ScamDomains__31af73,31af73,binance.ethdeal.info,,Scamming,Trust-trading,0x23667058d0cd398Ff8d25e015C86322644C7783D
Csdb__ScamDomains__78401b,78401b,swaapy.network,,Phishing,Swapy,0x04727c2bB15F2b83e7D3cE88B008Aa68dCCeA0C4
Csdb__ScamDomains__ea1414,ea1414,eths.bz,,Scamming,Trust-trading,0xDB43De62Ab5577bAb0f2AAf6Ad1a2d01Ec527426
Csdb__ScamDomains__6ad302,6ad302,etherscan-giveaway.epizy.com,,Scamming,Trust-trading,0x70E02b0509D67AdE18914729d3905994585a5087
Csdb__ScamDomains__d05fcd,d05fcd,telegram.ceo,,Phishing,Telegram,0xb7de9e51b7d0b7b67195bc8ad1182b7df38abb0b
Csdb__ScamDomains__4ce4a1,4ce4a1,geth.cc,,Scamming,Trust-trading,0x6a0e59Af84F7a9afa5708B5E43C4845b17AedAAc
Csdb__ScamDomains__71aa44,71aa44,ethopen.com,,Scamming,Trust-trading,0x46cD13Ad73B0260bccEc6e722c42A7b76Ae19B67
Csdb__ScamDomains__2cc232,2cc232,ethpayment.bitballoon.com,,Scamming,Trust-trading,0x40949225c4a1745a9946F6AAf763241c082cb9ac
Csdb__ScamDomains__5720e3,5720e3,coin-zc.com,,Phishing,General,0x540c6F30aE667319E032A8988dCB81B28a960433
Csdb__ScamDomains__1dfc8d,1dfc8d,xn--bitcon-mwa.com,,Phishing,General,0x540c6F30aE667319E032A8988dCB81B28a960433
Csdb__ScamDomains__6ff3f1,6ff3f1,metronome-token.io,,Phishing,Metronome,0x092A334eA43C0512560f6acF301FA97805cab392
Csdb__ScamDomains__41a0b2,41a0b2,ethdrop.info,,Scamming,Trust-trading,0xEBA3dbE720092b2c120Fa5b6752936477Ab4Ec6b
Csdb__ScamDomains__1fe7ca,1fe7ca,ethpayd.com,,Scamming,Trust-trading,0x62c71581708dD73b10e7aa2249778AEe016eBF0e
Csdb__ScamDomains__aee70e,aee70e,giveaway-ethereum.org,,Scamming,Trust-trading,0x7d7f49f628e88413eb736bf059410bbdfecadcd5
Csdb__ScamDomains__3b00e0,3b00e0,secure-eth-transactions.bitballoon.com,,Scamming,Trust-trading,0x645125230e924d2DB84be4cAbf946C87d5bE8935
Csdb__ScamDomains__86aa58,86aa58,paveldurov.bitballoon.com,,Scamming,Trust-trading,0xd11d565Ba23b523ef7737AA24BdbB75a06521d87
Csdb__ScamDomains__2ce05c,2ce05c,eth-transaction.site44.com,,Scamming,Trust-trading,0x37761568AF636f074595bcE8Ed20dd5B404eD798
Csdb__ScamDomains__5db2fc,5db2fc,hederashashgraph.com,,Phishing,Hedera,0x1e071281416B20aC2cd50D2e8093B43f8526940a
Csdb__ScamDomains__56a834,56a834,havvenio.com,,Phishing,Havven,0xD77B95800f67deB52E0e0988DBf01A311A3ccd80
Csdb__ScamDomains__d8298d,d8298d,telegram-coin.org,,Phishing,Telegram,0xf17ba6d6ac0c9e691aa530482d616a4120134a17
Csdb__ScamDomains__281b82,281b82,telegram.trade,,Phishing,Telegram,0xbc75274d1713e07df13b777c1d9067e7eb3dd885
Csdb__ScamDomains__4e65e4,4e65e4,claim.ethdeal.info,,Scamming,Trust-trading,0xeF0d5aa61AF54a8d932734b3f1949bF40b873BB7
Csdb__ScamDomains__f7c91b,f7c91b,tonpublic.org,,Phishing,Telegram,0x31E2f659e5371f95dE47BE79E1d5027caf0da39D
Csdb__ScamDomains__8ab699,8ab699,ton-telegram.com,,Phishing,Telegram,1JHfQT3iWZf1Us8gNPwMkwDeG8tLVsEkZS
Csdb__ScamDomains__289864,289864,coinmakerbot.com,,Scamming,Trust-Trading,0xaAc6020b6216BE72Af7B3c322dd27cea257276b3
Csdb__ScamDomains__89c307,89c307,xn--aucts-1gb.org,,Phishing,Auctus,0x8E3e1e3894CD4e79f46f80d4807b597876435978
Csdb__ScamDomains__3af489,3af489,auctus-ico.network,,Phishing,Auctus,0x8727df1be276966a408f63089b6d9dbeea66de09
Csdb__ScamDomains__e02ffa,e02ffa,auctus.org.in,,Phishing,Auctus,0x07F101Dec7fbeE347A0f81a1c4Ca724c53d491a4
Csdb__ScamDomains__df300e,df300e,auctuss.org,,Phishing,Auctus,0x4ae9971e28d7f422b406ee1f3bb38e1b96637239
Csdb__ScamDomains__e87b30,e87b30,auctus.network,,Phishing,Auctus,0x0EeE28Fc966585B5848F9D65980Cb1621F9b3f8A
Csdb__ScamDomains__ae11c0,ae11c0,eths.li,,Scamming,Trust-Trading,0xAba9897C9422b1C30733169D3dA7Ff83D7f23044
Csdb__ScamDomains__6e3972,6e3972,tronfoundation.me,,Scamming,Trust-Trading,0x474057ADF42f9F955e86aa1142740f9d7763e41E
Csdb__ScamDomains__8d75b8,8d75b8,bonus.ethersgive.com,,Scamming,Trust-Trading,0x7083c1BB9A6D9C73Cb9B3c200e992e43Ff103462
Csdb__ScamDomains__da92f5,da92f5,ethgiveaway.info,,Scamming,Trust-Trading,0xCa25F343893dc646a0f753581f1D8589EC34da7d
Csdb__ScamDomains__65c646,65c646,ethg.gift,,Scamming,Trust-Trading,0xF487d016B2EA5beBdeeA03fA12AdCAB51237bc25
Csdb__ScamDomains__7dd59c,7dd59c,eth-today.com,,Scamming,Trust-Trading,0x710B1d822e0e5B9d55F123598f383667502c3A51
Csdb__ScamDomains__e8d1a5,e8d1a5,shivoms.io,,Phishing,Shivom,0xE886BfCfa373C17dBC07c7B73f1d368339ac5Dfd
Csdb__ScamDomains__fc9002,fc9002,ethr.cc,,Scamming,Trust-Trading,0x679C34C26E7841b9Fc0ce0ff40579219EE3a1ED6
Csdb__ScamDomains__01bdb0,01bdb0,crypto-payout.tk,,Scamming,Trust-Trading,0x97b57Ad033d354557bdE36bd9a418E80d8D962bC
Csdb__ScamDomains__97e8e1,97e8e1,ethg.cz,,Scamming,Trust-Trading,0x831Ee6BaF32C7F558d90dD8F16A45e2928c23131
Csdb__ScamDomains__b53b1f,b53b1f,dailyinequality.org,,Scamming,Trust-Trading,0x40949225c4a1745a9946F6AAf763241c082cb9ac
Csdb__ScamDomains__152775,152775,ethgiveaway.club,,Scamming,Trust-Trading,0x5dfAE1C25EC5232F1D725d5265ceDDD7102BE5B4
Csdb__ScamDomains__443d30,443d30,eth-gift.tw1.su,,Scamming,Trust-Trading,0xee14140f20fb737809ca206c238382b3f802ca6c
Csdb__ScamDomains__ccfcd6,ccfcd6,cz-binance.com,,Scamming,Trust-Trading,0x049b01966f721db6EC76097043e9D6ecCaF719B6
Csdb__ScamDomains__359b1a,359b1a,gmail.com,,Scamming,Trust-Trading,0x9f4562c9be26c7020909b50ccde3447f1b8c4b21
Csdb__ScamDomains__7f8229,7f8229,get-eth.pl,,Scamming,Trust-Trading,0xAba9897C9422b1C30733169D3dA7Ff83D7f23044
Csdb__ScamDomains__4e9dbe,4e9dbe,eth.vu,,Scamming,Trust-Trading,0xe344e4B209E8EAbAa2A6ddd1B0Aa120B7599Af25
Csdb__ScamDomains__4c94fc,4c94fc,safely-transfer.com,,Scamming,Trust-Trading,0x860f3b648111294346897c6a8309ffbf22265526
Csdb__ScamDomains__02ba4b,02ba4b,dfinity.org.in,,Phishing,Dfinity,0xA95391C51788f884BECA472bf71Cdb000a2eEd65
Csdb__ScamDomains__4bdfbd,4bdfbd,cryptoplus.be,,Scamming,Trust-Trading,0x8D551F2a2d0908854e0E030564261c9Ff2E8dd56
Csdb__ScamDomains__b351e1,b351e1,ethdropnew.ml,,Scamming,Trust-Trading,0x681a36B6f411d10d78FE8446118A4DDaE489e8b1
Csdb__ScamDomains__9d132f,9d132f,tron-giveavay-weeklyreport.bitballoon.com,,Scamming,Trust-Trading,0xd71bFDfD1Cf3F6C1Dbb1040ef08cF7B067f9165f
Csdb__ScamDomains__b67292,b67292,eth-give.kissr.com,,Scamming,Trust-Trading,0x0D202934Db48341adFe26812A1d8731383B065B3
Csdb__ScamDomains__0a77e1,0a77e1,tonogram.org,,Phishing,Telegram,0x32672Bd5F7F68CcAE5e23986A11F89b51016145e
Csdb__ScamDomains__716a0c,716a0c,gram-token.org,,Phishing,Telegram,0xDA7A139e03FE696B760aF98F9df89466077BC12E
Csdb__ScamDomains__ece07c,ece07c,mailingserver2.com,,Phishing,Telegram,0xDA7A139e03FE696B760aF98F9df89466077BC12E
Csdb__ScamDomains__e70cd9,e70cd9,ico-telegram-ton.com.ru,,Phishing,Telegram,0x2ea8449B6561E6fD33671177cc6525F163326aC3
Csdb__ScamDomains__e2ac60,e2ac60,tron-nextlevel.bitballoon.com,,Scamming,Trust-Trading,0x787e8f0e406cb71a22fd2023316f231d0311b14f
Csdb__ScamDomains__4d16b9,4d16b9,etherpromo.online,,Scamming,Trust-Trading,0xF487d016B2EA5beBdeeA03fA12AdCAB51237bc25
Csdb__ScamDomains__4ea3a2,4ea3a2,tokenpublicsale.com,,Phishing,Dfinity,0x79aA79116c24A715b5eb1287AF8A16201450C895
Csdb__ScamDomains__17bbdc,17bbdc,ethpay.site,,Scamming,Trust-Trading,0x17897C5c38362D8F620E70FEE0Adba109Af5DB2d
Csdb__ScamDomains__85500d,85500d,etherpromo.org,,Scamming,Trust-Trading,0xf985aa8117999fa3f0f9e71a20d0fe7b88b9d706
Csdb__ScamDomains__9344b2,9344b2,ethn.vu,,Scamming,Trust-Trading,0x4c6Bad785Ffcf6c0746F53DBcAC9c5e877F75bfa
Csdb__ScamDomains__ea5b02,ea5b02,ethpromo.com,,Scamming,Trust-Trading,0x216DC48F74bAcC2A1ae7c064FD22cb542a70088E
Csdb__ScamDomains__2f6ac0,2f6ac0,ethereum-promo2018.bitballoon.com,,Scamming,Trust-Trading,0x83ec306df6BEe5320cF6a57A52ff732791c65B47
Csdb__ScamDomains__90e983,90e983,ethereums-promo.bitballoon.com,,Scamming,Trust-Trading,0x83ec306df6BEe5320cF6a57A52ff732791c65B47
Csdb__ScamDomains__65fbdd,65fbdd,eth-gifting.site,,Scamming,Trust-Trading,0x4ae9971e28d7f422b406ee1f3bb38e1b96637239
Csdb__ScamDomains__9b693b,9b693b,gramtokenico.com,,Phishing,Telegram,0xdDb690eF629a2e9277808c25EB5f9259d939Dac7
Csdb__ScamDomains__ac2fd1,ac2fd1,centratoken.site,,Phishing,Centra,0x87b4eed5a781d8b847645082410070f002b41e13
Csdb__ScamDomains__6fd6e1,6fd6e1,check-ethpayments.kissr.com,,Scamming,Trust-Trading,0x17935DFFbC228397d2f5a67061867804cEcacaE8
Csdb__ScamDomains__fdde4e,fdde4e,tronfoundation.us,,Scamming,Trust-Trading,0x474057ADF42f9F955e86aa1142740f9d7763e41E
Csdb__ScamDomains__4954ba,4954ba,get-ethers.com,,Scamming,Trust-Trading,0xF487d016B2EA5beBdeeA03fA12AdCAB51237bc25
Csdb__ScamDomains__e421bf,e421bf,coinbase.droppages.com,,Scamming,Trust-Trading,0xf6f902e60c8825662AdC5693746BcCcd866e90cB
Csdb__ScamDomains__b2bb6e,b2bb6e,dfnity.org,,Phishing,Dfinity,0xE4b332Ec1fADf68f4243c077ECE24f0448e063bE
Csdb__ScamDomains__e5bd93,e5bd93,ethc.gift,,Scamming,Trust-Trading,0x73f7B2257C688677fF9Cc7BDd2D05e5076E0AE42
Csdb__ScamDomains__b41a4f,b41a4f,free-5000eth.com,,Scamming,Trust-Trading,0xb1FaCA3Ef83134815C3e28899Cb132e019EB6616
Csdb__ScamDomains__2eaaeb,2eaaeb,ethhit.com,,Scamming,Trust-Trading,0x319Ce3233D17b45d49AAa9414F154832d0F9Aa61
Csdb__ScamDomains__ca88e6,ca88e6,ethereumpromo.info,,Scamming,Trust-Trading,0x40afc43212F407FA717AB3315b37b6Cb3480C23c
Csdb__ScamDomains__bbd7a2,bbd7a2,ethpromo.gift,,Scamming,Trust-Trading,0x6a13e6d0251fba7b474cf4468aa157ee0c6a736c
Csdb__ScamDomains__774d92,774d92,giveaway-ethereum.com,,Scamming,Trust-Trading,0xf8178B379Ec4Fd758230D28c55c89c064708DFE5
Csdb__ScamDomains__78512b,78512b,giveawayether.com,,Scamming,Trust-Trading,0x7C14369F68d7812C105a597Beb13FF8dA64520c5
Csdb__ScamDomains__25a4b3,25a4b3,hederahashgraph.tokencrowdsale.info,,Phishing,Hedera,0x311c65dCBE025eaD81CaB2925b81489123Ce2EdA
Csdb__ScamDomains__62e408,62e408,5000eth.info,,Scamming,Trust-Trading,0xf985aa8117999fa3f0f9e71a20d0fe7b88b9d706
Csdb__ScamDomains__69a9d6,69a9d6,authorize.live,,Scamming,Trust-Trading,0xefeddec5de1aef4c70b264d7b56b6d479b3ba520
Csdb__ScamDomains__a335f9,a335f9,azone-web.com,,Scamming,Trust-Trading,0x65F6C0e45758526982Fa5f63AC877384ea5a91Bd
Csdb__ScamDomains__dd5495,dd5495,binance-giveaway.firebaseapp.com,,Scamming,Trust-Trading,0x2C05D74Cd9F878b9834a50092043BDE944A60eF8
Csdb__ScamDomains__f6a19b,f6a19b,bitwelfare.biz,,Scamming,Trust-Trading,0x5ac8306d4C4AC8f95fAB23aCa0b3C41890B77eb6
Csdb__ScamDomains__dd2ac8,dd2ac8,eth-freesharing.com,,Scamming,Trust-Trading,0x951a15f920a58e553410d2436aacd1b3a15416fa
Csdb__ScamDomains__1e927d,1e927d,eth-gives.com,,Scamming,Trust-Trading,0x5C9B3fA74E0700a3CbFFD168c7342799a163Ba53
Csdb__ScamDomains__7e0b45,7e0b45,eth-private.com,,Scamming,Trust-Trading,0xCa25F343893dc646a0f753581f1D8589EC34da7d
Csdb__ScamDomains__935a30,935a30,eth-trans.bitballoon.com,,Scamming,Trust-Trading,0x186006fA03374F548c35a7c2a712b35E40833F7E
Csdb__ScamDomains__d55b8b,d55b8b,eth-transactions.com,,Scamming,Trust-Trading,0x0628B88c7a677773F7A22d408A8E694207701E72
Csdb__ScamDomains__a51d66,a51d66,ether-giveaway.com,,Scamming,Trust-Trading,0x55961917d1fA009eAcCa41bc5040a739435fc877
Csdb__ScamDomains__fbadc8,fbadc8,etherblessings.com,,Scamming,Trust-Trading,0x56f1c9cdf27BEEFa83700FcA284FE1Ba08a5546A
Csdb__ScamDomains__19d94a,19d94a,etherclaims.byethost8.com,,Scamming,Trust-Trading,0x40949225c4a1745a9946F6AAf763241c082cb9ac
Csdb__ScamDomains__15d40b,15d40b,ethereumdrop.com,,Scamming,Trust-Trading,0x1036Bc312f0279b5889BCE88D09A100d411c0abb
Csdb__ScamDomains__e8ad7e,e8ad7e,ethereumdrop.org,,Scamming,Trust-Trading,0xbD93C9fE09D09cc560b77753003898F1745a08A7
Csdb__ScamDomains__6c4706,6c4706,ethergiveaway.win,,Scamming,Trust-Trading,0x4a8264933388E0f526FEE7b5E2b8A9AD74d1a11c
Csdb__ScamDomains__0c7199,0c7199,ethergiveaways.tumblr.com,,Scamming,Trust-Trading,0x40949225c4a1745a9946F6AAf763241c082cb9ac
Csdb__ScamDomains__cb51cf,cb51cf,etheriumairdrop.com,,Scamming,Trust-Trading,0x397f44292e564bf85ea67a173d28a9fd5d1c6c73
Csdb__ScamDomains__7cbe67,7cbe67,etherum.site123.me,,Scamming,Trust-Trading,0xe24b37355ce7205792f7b1df7564874f59bbbfd3
Csdb__ScamDomains__9d5ee6,9d5ee6,ethf.bid,,Scamming,Trust-Trading,0x474758d65891CF15c69941e71F4227E9BcE5e9e6
Csdb__ScamDomains__ac8a2d,ac8a2d,ethgive.info,,Scamming,Trust-Trading,0xf985aa8117999fa3f0f9e71a20d0fe7b88b9d706
Csdb__ScamDomains__3b385c,3b385c,ethgiveaway.online,,Scamming,Trust-Trading,0xD996BF1D2f9E0fE8Fac4D83A0696102Fe87C9eB9
Csdb__ScamDomains__80120b,80120b,ethsend.online,,Scamming,Trust-Trading,0xe82c95901451409Ce1Dd2Dd6C13848b6fAC5298a
Csdb__ScamDomains__54a8c2,54a8c2,ethtransaction.unaux.com,,Scamming,Trust-Trading,0x2cc762c27a50d18e50efcd3bee9e3154e3bb094d
Csdb__ScamDomains__5eeec4,5eeec4,get-ethers.com.cp-32.webhostbox.net,,Scamming,Trust-Trading,0x4800DcA78541D61e8fdF54F6DA019cA0a68bd49a
Csdb__ScamDomains__4c7db8,4c7db8,give-binance.party,,Scamming,Trust-Trading,0x2C05D74Cd9F878b9834a50092043BDE944A60eF8
Csdb__ScamDomains__053071,053071,myetherpromo.com,,Scamming,Trust-Trading,0x2557024C47835506DA3ACaAF3091565ce6952D28
Csdb__ScamDomains__098d88,098d88,neonexchange.online,,Scamming,Trust-Trading,0x36f1E58458c073De491f4e0627140BcE19976Aa4
Csdb__ScamDomains__799b1d,799b1d,eth-give-away.webz.cz,,Scamming,Trust-Trading,0xe00e1f7117a69C34694ac1815177C93491fC448f
Csdb__ScamDomains__6bddcf,6bddcf,gram-ico.io,,Phishing,Telegram,0x5E1A96f0f4965edff7374c327e14241Bd129301d
Csdb__ScamDomains__b2155f,b2155f,eth-giveaway.trade,,Scamming,Trust-Trading,0x8c155c3F4c79485DBB0eEF5b4076FD426b3f8c65
Csdb__ScamDomains__8ad1db,8ad1db,ethc.fund,,Scamming,Trust-Trading,0xF42788CBBdb00a32a981355ec5b9143b3C639c74
Csdb__ScamDomains__e0dce5,e0dce5,ethereum.czweb.org,,Scamming,Trust-Trading,0xe00e1f7117a69C34694ac1815177C93491fC448f
Csdb__ScamDomains__5b8b80,5b8b80,givingawayethereum.com,,Scamming,Trust-Trading,0x41Cd1343C6e497C075b7ed1E9f003d65141833E2
Csdb__ScamDomains__d764ed,d764ed,ethereum-give.byethost16.com,,Scamming,Trust-Trading,0xe00e1f7117a69c34694ac1815177c93491fc448f
Csdb__ScamDomains__6217eb,6217eb,ethereum-giveaway.kissr.com,,Scamming,Trust-Trading,0xeE83bf55194787ACC44D6316623998c1876AED8A
Csdb__ScamDomains__b3d946,b3d946,check-ethpayments1.kissr.com,,Scamming,Trust-Trading,0x1c16B965C7960FEA0Bd7e8629885cBe162223F2E
Csdb__ScamDomains__485940,485940,ethsafe.trade,,Scamming,Trust-Trading,0x0697f9d4db21472B3461AA07BE39b16Cd5B56eca
Csdb__ScamDomains__a0ad8d,a0ad8d,ethereum-giveaway.com,,Scamming,Trust-Trading,0xe00e1f7117a69c34694ac1815177c93491fc448f
Csdb__ScamDomains__d56787,d56787,givingawayeth.com,,Scamming,Trust-Trading,0x0CfdC4A2c05B1Ff5fCe36d1c1982D8666D7A9813
Csdb__ScamDomains__b205cb,b205cb,ethereums-2018-give-away.bitballoon.com,,Scamming,Trust-Trading,0x0E0bA79CB92E07555eF7A3fe9e18BA33dd0b6D29
Csdb__ScamDomains__0e188d,0e188d,ethn.cash,,Scamming,Trust-Trading,0xEB85b4777698c0f41168087cD8d43A2FdEF37BdB
Csdb__ScamDomains__98f883,98f883,ethereum-giveaway.tekcities.com,,Scamming,Trust-Trading,0x7BBCEe71e2283C445bdB076Bb7FA187726A45D53
Csdb__ScamDomains__900d3e,900d3e,gether.fund,,Scamming,Trust-Trading,0xEB85b4777698c0f41168087cD8d43A2FdEF37BdB
Csdb__ScamDomains__758a34,758a34,ether-promo.getforge.io,,Scamming,Trust-Trading,0xe6693620c549D35C52496A1cb0105F2712baF771
Csdb__ScamDomains__894a71,894a71,givefreeeth.com,,Scamming,Trust-Trading,0xF982928D81209c387Be28D6BB58012021e9f56D6
Csdb__ScamDomains__584f6b,584f6b,5000eth-giveaway.online,,Scamming,Trust-Trading,0xB516107DeD86b21F7394c26090ADf0661E6A3759
Csdb__ScamDomains__c59e84,c59e84,eth-giving.com,,Scamming,Trust-Trading,0xf605c1C8c1CD6Bc3AA6f7383b86226c583Ab2775
Csdb__ScamDomains__936a70,936a70,ico-telegram.co,,Phishing,Telegram,0x34d891216ca79efa979bb5c8ab321fd721e861cf
Csdb__ScamDomains__9c850c,9c850c,ethpaysafe.com,,Scamming,Trust-Trading,0x0697f9d4db21472B3461AA07BE39b16Cd5B56eca
Csdb__ScamDomains__9b166d,9b166d,free5000eth.com,,Scamming,Trust-Trading,0x45d6D4C1f56e51b05de3Df70f506cc52c99fC6eB
Csdb__ScamDomains__476bcc,476bcc,btc-gifts.info,,Scamming,Trust-Trading,0x713a6f26525B24581Cbe20679811af8680abdddd
Csdb__ScamDomains__61f413,61f413,eth-promotion.getforge.io,,Scamming,Trust-Trading,0x2223D0E991e67830f9184171E2f5a44C1F0dEE09
Csdb__ScamDomains__9d04ba,9d04ba,collect-eth.com,,Scamming,Trust-Trading,0xaA60F2B7E7CD32cC31620c3A5d10A79E6F2F5CF6
Csdb__ScamDomains__fecdda,fecdda,eth-private-key.webz.cz,,Scamming,Trust-Trading,0xe00e1f7117a69c34694ac1815177c93491fc448f
Csdb__ScamDomains__02a22b,02a22b,tokentelegram.net,,Phishing,Telegram,0x6c20ef21e604028c649247c581e8e49fda6191ca
Csdb__ScamDomains__b136d7,b136d7,ethtotrade.com,,Scamming,Trust-Trading,0xa4Fe2874A4aD464A50CB72a8C0b1a6ab221A7C17
Csdb__ScamDomains__4fe834,4fe834,eth-give.org,,Scamming,Trust-Trading,0xe00e1f7117a69c34694ac1815177c93491fc448f
Csdb__ScamDomains__aa0cfb,aa0cfb,ethtransaction.ezyro.com,,Scamming,Trust-Trading,0x2cc762c27a50d18e50efcd3bee9e3154e3bb094d
Csdb__ScamDomains__ce2028,ce2028,eth.kissr.com,,Scamming,Trust-Trading,0xEeB70FD96F6C8838AEFFb9d8dc042eab97b1BB09
Csdb__ScamDomains__6c0e61,6c0e61,originprotocols.com,,Phishing,Origin,0x0d4f74c538613ed6e6c8c1bc8896ecfd45f5ef23
Csdb__ScamDomains__7a0173,7a0173,etherscan.tech,,Scamming,Etherscan,0x19bfd8a539ca899983b30e1d1c3370ac03d6b7ab
Csdb__ScamDomains__e7c4dc,e7c4dc,get-ether.gift,,Scamming,Trust-Trading,0xc15FFCceb80e34A780A46795DBD126E2d65C4460
Csdb__ScamDomains__b34737,b34737,promo.ethereumbonus.online,,Scamming,Trust-Trading,0x0967c50BFEC4dBa06E28E8fdbcfD15A23474fAb4
Csdb__ScamDomains__d989f1,d989f1,ethtoget.com,,Scamming,Trust-Trading,0xe56303d8FF8C25C240F41D90FcAaE1469c5B5f77
Csdb__ScamDomains__8369b2,8369b2,get-ether.me,,Scamming,Trust-Trading,0xc15FFCceb80e34A780A46795DBD126E2d65C4460
Csdb__ScamDomains__44b3d3,44b3d3,nkn-token.io,,Phishing,Nkn,0xD243018B2825ad409512a200E744529bc1b129f2
Csdb__ScamDomains__0aac91,0aac91,ethhit.org,,Scamming,Trust-Trading,0xEF35af4A5037a1E416514f1F016550cf7c865ffc
Csdb__ScamDomains__28e637,28e637,give5000eth.com,,Scamming,Trust-Trading,0x6353940EabE11c7Cd78ECC2085AE65cDacc5A92b
Csdb__ScamDomains__c63d2c,c63d2c,eth-today.epizy.com,,Scamming,Trust-Trading,0x043375eBc36fFf7a4FCeF1359F3C89afdDF56e08
Csdb__ScamDomains__a0dd53,a0dd53,win-eth.org,,Scamming,Trust-Trading,0x860B62006Ea05A05c7638D16a106858450bde336
Csdb__ScamDomains__5dff22,5dff22,dfinity.ml,,Phishing,Dfinity,0x41467711f2d1f6021119fFB113AE0e78251b45fa
Csdb__ScamDomains__61bdb7,61bdb7,5000ethgive.com,,Scamming,Trust-Trading,0xceEbB2D0cDC85E9774A232Bab74C45Fc883C15e4
Csdb__ScamDomains__e63aed,e63aed,give5000-eth.com,,Scamming,Trust-Trading,0xceEbB2D0cDC85E9774A232Bab74C45Fc883C15e4
Csdb__ScamDomains__905985,905985,bonus.ether-gifts.com,,Scamming,Trust-Trading,0x64C940690A3660e68D93D8c6412d900BdD3e11E5
Csdb__ScamDomains__4ece7a,4ece7a,give-5000eth.com,,Scamming,Trust-Trading,0xceEbB2D0cDC85E9774A232Bab74C45Fc883C15e4
Csdb__ScamDomains__bf517e,bf517e,ethereumpomo.online,,Scamming,Trust-Trading,0x9C3C750372e2DBC2f8f2E6C58EdFA6E1d7e463Fd
Csdb__ScamDomains__59c682,59c682,ethforeth.com,,Scamming,Trust-Trading,0x2e462fDeF8cde7DB82Aa3f7C627731BE94f7C9C4
Csdb__ScamDomains__49c8c8,49c8c8,bonus.ether-gives.com,,Scamming,Trust-Trading,0x87318b9B7EED24F69907D53EB7727C0a590f3588
Csdb__ScamDomains__c9d718,c9d718,eth-drop.com,,Scamming,Trust-Trading,0x41466413f0c7f11c5b1af39cc1344af9d21a6d57
Csdb__ScamDomains__9db54b,9db54b,origirprotocol.com,,Phishing,Origin,0x98198d7eCc42a3E18D3fc52957db46930cf1d2e8
Csdb__ScamDomains__88b124,88b124,hederahashgraph.infotokensale.com,,Phishing,Hederahash,0x0c8b740E3377F2BE7A108AebA6A2F660588c728d
Csdb__ScamDomains__78db94,78db94,eth-airdrop.live,,Scamming,Trust-Trading,0x011da0ab16577cbB73374a5B9b869D66253150e7
Csdb__ScamDomains__0faf40,0faf40,get-ether.fund,,Scamming,Trust-Trading,0x754a7657092Fd2862338fF06ce02cFc389D49E21
Csdb__ScamDomains__bc1e72,bc1e72,ico-ton.org,,Phishing,Telegram,0x8f0bca6b1b2b522082d46f3eec31340f113b029a
Csdb__ScamDomains__f7d12d,f7d12d,gether-gift.com,,Scamming,Trust-Trading,0xEbD411aA59B4456f45529A7Cc203F87c0e104947
Csdb__ScamDomains__79b7c1,79b7c1,poloniex-withdrawals.bitballoon.com,,Scamming,Trust-Trading,0xedc0c49946b93aa296a11298480ae7913bb65222
Csdb__ScamDomains__4c340b,4c340b,ethpromoverge.com,,Scamming,Trust-Trading,0xf033f0d9c1bf050babe586fddd94d8928f02ac50
Csdb__ScamDomains__c598ca,c598ca,dav-network.io,,Phishing,Dav,0xF9319dDdCe472f9Aa0874d0E71d06e30C18990C6
Csdb__ScamDomains__d24c95,d24c95,offpromoeth.com,,Scamming,Trust-Trading,0xF76DEA0A7ED40E379Cc834cF94a6BdC59ac11044
Csdb__ScamDomains__a3c4d4,a3c4d4,bonus.eth-gifts.com,,Scamming,Trust-Trading,0x9A4afEaEcD8Efe2A7186365b55E72503d555713B
Csdb__ScamDomains__cf7277,cf7277,5000eth-giveaway.getforge.io,,Scamming,Trust-Trading,0x61Cf3335eef3bD86Ae617cd2eA248494Da8B83ca
Csdb__ScamDomains__02df45,02df45,get5000eth.com,,Scamming,Trust-Trading,0xA53577466E0ECAE3bFc967332BB4739Ff19eeb5F
Csdb__ScamDomains__669dca,669dca,ethgiveaway.org,,Scamming,Trust-Trading,0x88bDEB65eD500794118D0E5FDf5808d23Bb74E73
Csdb__ScamDomains__24adc0,24adc0,ethgiveaway.live,,Scamming,Trust-Trading,0xc4B1A260735Fdc817409183db8594bAf9F0B0f2F
Csdb__ScamDomains__fb78e9,fb78e9,eth-givingaway.com,,Scamming,Trust-Trading,0xbAF18322CE288B08b2c58081fD0D1A9f03a9Ea37
Csdb__ScamDomains__3f555d,3f555d,bonus.ether-gift.com,,Scamming,Trust-Trading,0xd787e430cf92D42fa28B7643e41Ea1d871A19Fff
Csdb__ScamDomains__20b9e9,20b9e9,ethereum.org-giveaway.live,,Scamming,Trust-Trading,0x1890D4A49faF31088e5ede045E3a985c82B21f11
Csdb__ScamDomains__2a7eee,2a7eee,eth-today.rf.gd,,Scamming,Trust-Trading,0xB64f875dAA42173cCAC0b01e502695B61a1A9A64
Csdb__ScamDomains__8fe9bc,8fe9bc,getyoureth.com,,Scamming,Trust-Trading,0x91459992BcbF089851abFfa033559C2eEf120469
Csdb__ScamDomains__be3b3c,be3b3c,eth-promo.kissr.com,,Scamming,Trust-Trading,0x545b0fdcbb2b404b26546521d4d183c2538509c2
Csdb__ScamDomains__ed6870,ed6870,5000eth.rf.gd,,Scamming,Trust-Trading,0x043375eBc36fFf7a4FCeF1359F3C89afdDF56e08
Csdb__ScamDomains__fea16b,fea16b,etherclaims.rf.gd,,Scamming,Trust-Trading,0x40949225c4a1745a9946F6AAf763241c082cb9ac
Csdb__ScamDomains__856829,856829,eth-promo.webz.cz,,Scamming,Trust-Trading,0x0c6a415effaa3a2310c0db718090f4c5fd633982
Csdb__ScamDomains__b279a9,b279a9,get-ethereum.cc,,Scamming,Trust-Trading,0xF939D9285fFb6FC05780E9549b161d9e9fac6F7d
Csdb__ScamDomains__6e0803,6e0803,freecoiners.com,,Scamming,Trust-Trading,0xE3224fA0197DE258ba065C35380d7DfD2396ec89
Csdb__ScamDomains__06781f,06781f,pyapay.co,,Phishing,,0xc25ab34E7F3a1eb2C6a3a23DF851F351df0E712A
Csdb__ScamDomains__6c9296,6c9296,daostack-token.io,,Phishing,,0x30be08E516b049AFeD7b35185497D9Ec8d430227
Csdb__ScamDomains__c23862,c23862,icolist.sale,,Phishing,,0x0eC0e48673E4901c3a28AdE2540420f68996E79E
Csdb__ScamDomains__128e6d,128e6d,gift5000-eth.com,,Scamming,Trust-Trading,0x1161aCF9a61b8cd951F5364E897c586883a1fE76
Csdb__ScamDomains__1027c2,1027c2,quarkchain-token.io,,Phishing,Quarkchain,0xb4ede22f85C3EA3F918b88D03e6c6f67Bb30EEec
Csdb__ScamDomains__391ec7,391ec7,bonus.ethersgift.com,,Scamming,Trust-Trading,0x37cE714cD173d79c209CABE9Ab41830F5C31363e
Csdb__ScamDomains__eb3591,eb3591,eosrewards.io,,Scamming,Trust-Trading,0x6cca6dcd9843B74FD6118687AD14b572Bcf99EE6
Csdb__ScamDomains__88ece7,88ece7,eths.vu,,Scamming,Trust-trading,0x48eC7767d5DeF1C1520402b092356e070C5f1adc
Csdb__ScamDomains__874ff0,874ff0,gift-5000eth.com,,Scamming,Trust-Trading,0xB5eb9d18C0413535bAf1fA8Bd8BF8F6Ea7fEa47A
Csdb__ScamDomains__0a67d9,0a67d9,tron-coin.org,,Scamming,Tron,0x9b398c9d1b4516b9c3ccbc4c6b6350702ed58c4d
Csdb__ScamDomains__9988aa,9988aa,bonus.ethersgifts.com,,Scamming,Trust-Trading,0xB767aA43b32827e6C26e126F845953712784Cc1c
Csdb__ScamDomains__ea8b9e,ea8b9e,give-5000eth.org,,Scamming,Trust-Trading,0x634cdd7EBECcccf517Cd8f4EcA959474bc1b58cC
Csdb__ScamDomains__8548ea,8548ea,daostack-ico.io,,Scamming,Daostack,0xDad1B9eDb80964F2Bbb45B4A98546F09c8D48a23
Csdb__ScamDomains__66d412,66d412,gift5000eth.com,,Scamming,Trust-Trading,0xB5eb9d18C0413535bAf1fA8Bd8BF8F6Ea7fEa47A
Csdb__ScamDomains__64a502,64a502,securepayeth.com,,Scamming,Trust-Trading,0xa4Fe2874A4aD464A50CB72a8C0b1a6ab221A7C17
Csdb__ScamDomains__326f2a,326f2a,ether-giveaway.atspace.eu,,Scamming,Trust-Trading,0x38B9dafe93F0b3Ab7D35ac42165b73c0F3c5FD8c
Csdb__ScamDomains__8bc449,8bc449,5000eth-giveaway.com,,Scamming,Trust-Trading,0xf7355cb5278fc4be2f53ce373f7cd9b543d042a1
Csdb__ScamDomains__354ac3,354ac3,ethereum-give.czweb.org,,Scamming,Trust-Trading,0xe00e1f7117a69c34694ac1815177c93491fc448f
Csdb__ScamDomains__040d75,040d75,get-ethereum.gift,,Scamming,Trust-Trading,0xd52fcaf53cd3eFd7E1d484fd9cd2dd21355063e5
Csdb__ScamDomains__f866f7,f866f7,5000eth-gift.com,,Scamming,Trust-Trading,0x018f2f4b3C9e38607aa7AB4DEA23E9d663e3e050
Csdb__ScamDomains__9c6aa1,9c6aa1,tokentelegram.live,,Phishing,Telegram,0x6d1Ca9Ee33f0806bD37a8ac4c418a0Ecb0c9F086
Csdb__ScamDomains__d5cbd1,d5cbd1,tokentelegram.info,,Phishing,Telegram,0x6c20ef21e604028c649247c581e8e49fda6191ca
Csdb__ScamDomains__b8e31c,b8e31c,ico-telegram.cc,,Phishing,Telegram,0x52bEF206E8e0403Cd60d37E48f4F3860D9545556
Csdb__ScamDomains__7e73c7,7e73c7,ico-telegramcoin.com,,Phishing,Telegram,0xd914c1152a0e4974dc3985e9b6f6905e002ebb3d
Csdb__ScamDomains__f2f229,f2f229,ico-telegram.is,,Phishing,Telegram,0x7f5D2fE39CD0C9924283Cd5e92377A4894e3313A
Csdb__ScamDomains__5f612a,5f612a,eth-giveavvay.online,,Scamming,Trust-Trading,0xcaa5854034d7eDA409e2479C6c0351C167e21a08
Csdb__ScamDomains__389921,389921,ether_promo.kissr.com,,Scamming,Trust-Trading,0xAC14590ad8184a48302f59a8BaAF924B865De4C5
Csdb__ScamDomains__9b3382,9b3382,take5000eth.com,,Scamming,Trust-Trading,0x5fE584cB2d2A937C4AbBD0cad57841cc8Db97Df1
Csdb__ScamDomains__4d5e4f,4d5e4f,get-5000eth.com,,Scamming,Trust-Trading,0x5093c4029aCab3AfF80140023099F5Ec6ca7D52F
Csdb__ScamDomains__db7a39,db7a39,ethereumgiveaway5000.com,,Scamming,Trust-Trading,0x72a8BF69f282c2eB752d48b7778C0f0B6EAeaBAC
Csdb__ScamDomains__a559d5,a559d5,quarkchain-tokensale.io,,Phishing,Quark,0x6D09D33C424932f59Ce9aa777aDf131FB3adbf3E
Csdb__ScamDomains__ab1245,ab1245,5000ethgift.com,,Scamming,Trust-Trading,0x23397C5d9C6363d67b3a294b677F80f93949bF56
Csdb__ScamDomains__247313,247313,give-eth.online,,Scamming,Trust-Trading,0xb619A34ABAC80478aE6a93527FdEaeeb0e51e934
Csdb__ScamDomains__a95c84,a95c84,eth-reward.com,,Scamming,Trust-Trading,0xf12d3F5d38C2408Da3122CEe1432E89c16522b3b
Csdb__ScamDomains__e69823,e69823,telegramsale.com,,Phishing,Telegram,0xb490cEC960B665B233d6666F8e2626d8bcAE5d44
Csdb__ScamDomains__20c7fa,20c7fa,bonus.gift-ethers.com,,Scamming,Trust-Trading,0x471DBd4D8FCe14EAe3B36EFA8Fa97A3937038DFA
Csdb__ScamDomains__a68cbd,a68cbd,gift-5000eth.org,,Scamming,Trust-Trading,0xDcCDCe28bba5B796724f1b50Ab350403D895fE08
Csdb__ScamDomains__87b788,87b788,ethpromo.net,,Scamming,Trust-Trading,0xe22D388301E7D57e20F59E03c14CA4c026C6C3d9
Csdb__ScamDomains__e6b12a,e6b12a,ethereums.live,,Scamming,Trust-Trading,0x74f59fD3Fb42295A05975456A6cdfF4e71174Cd5
Csdb__ScamDomains__863e59,863e59,promo-ether.com,,Scamming,Trust-Trading,0x754Fb6a142eD0043937b676A067F2E367db52fA6
Csdb__ScamDomains__67dce0,67dce0,collecteth.com,,Scamming,Trust-Trading,0x418Cb18A725A8B1043D2fB402bb71CC29E42e2E9
Csdb__ScamDomains__613914,613914,eth-get.online,,Scamming,Trust-Trading,0xAC14590ad8184a48302f59a8BaAF924B865De4C5
Csdb__ScamDomains__c57868,c57868,eth-platform.com,,Scamming,Trust-Trading,0xEa05F37657AED5D6066c42c1458cDD1aAf48B80a
Csdb__ScamDomains__ac3a44,ac3a44,ethereumdrop.batcave.net,,Scamming,Trust-Trading,0xa0C7d4F3FC7f8A46FB58990228d0B82A0354F371
Csdb__ScamDomains__70c784,70c784,etherdrops.com,,Scamming,Trust-Trading,0xd52fcaf53cd3eFd7E1d484fd9cd2dd21355063e5
Csdb__ScamDomains__5b2118,5b2118,geteths.live,,Scamming,Trust-Trading,0x4FbC4C6C416a84e04B2239202396f378d7Af51ee
Csdb__ScamDomains__1ddd4f,1ddd4f,free-give-eth.com,,Scamming,Trust-Trading,0x95FFCdF36129e5E256190609CD97841D03E52356
Csdb__ScamDomains__7d09a1,7d09a1,ethgiveaways.net,,Scamming,Trust-Trading,0x95C5dB5bD9A0260Fc457Af4F6fc6dE7819D9B1a6
Csdb__ScamDomains__265bf5,265bf5,eth-24h.com,,Scamming,Trust-Trading,0xb53e95a4b7c5e15a790df3a66709b2e9f1cf9e3f
Csdb__ScamDomains__258fa5,258fa5,quarkchain-ico.io,,Phishing,Quarkchain,0xA43d3805105922989e58A5188193C283Fff471e7
Csdb__ScamDomains__cc36b0,cc36b0,giveaway-eth.com,,Scamming,Trust-Trading,0xD289Bc0A919E75B824F4DfC376E9F24C119eD3F3
Csdb__ScamDomains__1cd88e,1cd88e,bitfinex.eu,,Scamming,Trust-Trading,0x97b20481241fe3cb9cc9ba50609d377b2506cdaa
Csdb__ScamDomains__14033b,14033b,t.me,,Phishing,Telegram,0x4985a8D068A9CAC4B81FaaAFB8D4516AE46dD768
Csdb__ScamDomains__711a15,711a15,eosreward.io,,Scamming,Trust-Trading,0xB3510C6786B90c2065644825bd34C4219f1460FF
Csdb__ScamDomains__0d66f8,0d66f8,eth-givea-way.com,,Scamming,Trust-Trading,0x16c26eb6051fe13273c634cb6df70a26befa9ec3
Csdb__ScamDomains__11a97b,11a97b,get-ethereum.org,,Scamming,Trust-Trading,0x78c544EEdE78eb781707A1d46377bf6BE9D028Df
Csdb__ScamDomains__634123,634123,ethereum.vu,,Scamming,Trust-Trading,0xf51b4021c6F1aF31f44Bf575188986E733A971Fe
Csdb__ScamDomains__588a6b,588a6b,medium.com,,Phishing,Shivom,0xD4718F4601Af5365360896F763bb9D7173257450
Csdb__ScamDomains__7c6ea9,7c6ea9,bonus.gift-ether.com,,Scamming,Trust-Trading,0xb9b9B6acA1A0cf4EA4EB0CeD466D66A62F8EB072
Csdb__ScamDomains__3bc466,3bc466,eth-giveaway.updog.co,,Scamming,Trust-Trading,0xd0bD5Be5DF3681608F5FDA3D003EFaA0371dc4d7
Csdb__ScamDomains__8bdcef,8bdcef,5000eth.org,,Scamming,Trust-Trading,0x304d66005b5aD49F7Ce54AceBA9bBaDb4A5774db
Csdb__ScamDomains__df0a8d,df0a8d,giveavvay10000eth.host,,Scamming,Trust-Trading,0xAd2E834840954231b924b51bFB92C7f457CA30D9
Csdb__ScamDomains__371cd7,371cd7,eth-giveaway.co.nf,,Scamming,Trust-Trading,0x4F484c32c4810AE8129f1B724b09c663F8341713
Csdb__ScamDomains__698ebf,698ebf,verifiedeth.com,,Scamming,Trust-Trading,0xb0608cA76D2ec6984f652829e887811516E4B846
Csdb__ScamDomains__7356d8,7356d8,ethergive.000webhostapp.com,,Scamming,Trust-Trading,0x7b66563dd534c3e66fee08c995da9d5e77c883f9
Csdb__ScamDomains__ea4c67,ea4c67,5000.ethereumgive.com,,Scamming,Trust-Trading,0xf6238cBC1b74b183E54d63A555f867bAA00D92dF
Csdb__ScamDomains__653a48,653a48,hederahashgraph.online,,Phishing,Hedera,0xD582CeC308D9320B2EC3dC2868b56549fc8Ace5A
Csdb__ScamDomains__1cb211,1cb211,ocoins.tech,,Phishing,Odyssey,0x05fbf1e3f105df6a4553f3c7f2ed93070a4bab46
Csdb__ScamDomains__2c96ee,2c96ee,ethereums.cloud,,Scamming,Trust-Trading,0x085f9b53aCBff0E4683463FEf1A583d299bd4e25
Csdb__ScamDomains__d5e7db,d5e7db,ethsecurepay.com,,Scamming,Trust-Trading,0xDc261F7A835C3692e22485AB2d78cbADf3842490
Csdb__ScamDomains__dec4ad,dec4ad,get-eth.us,,Scamming,Trust-Trading,0x2eB045d518290ACA828046641D29f605eAd1A283
Csdb__ScamDomains__fd151a,fd151a,ethereum5000.com,,Scamming,Trust-Trading,0xf6238cBC1b74b183E54d63A555f867bAA00D92dF
Csdb__ScamDomains__31cfd4,31cfd4,ethereumgive.com,,Scamming,Trust-Trading,0xf6238cBC1b74b183E54d63A555f867bAA00D92dF
Csdb__ScamDomains__85c494,85c494,eth-payment.online,,Scamming,Trust-Trading,0x8408263f4f0691db34Bd7666b5Af61e19cb91B91
Csdb__ScamDomains__85e328,85e328,shivom.sale,,Phishing,,0xE2bCA95F5f33A981AAf51372b9596ff3837E0A5c
Csdb__ScamDomains__e2a7b8,e2a7b8,freeeth.info,,Scamming,Trust-Trading,0xf6238cBC1b74b183E54d63A555f867bAA00D92dF
Csdb__ScamDomains__9e0816,9e0816,hederahashgraph.store,,Phishing,Hedera,0x2d301d74a8d303da6408Cc2dFDA319BbEb48c125
Csdb__ScamDomains__9da094,9da094,quarkchain.tech,,Phishing,Quarkchain,0xBb5F90c64920667a2851Fd97E955248F04e16b75
Csdb__ScamDomains__43a151,43a151,orchidprotocols.com,,Phishing,Orchid,0x8A0E85901849B40A7F80399a00F7115193c0BDB2
Csdb__ScamDomains__81a520,81a520,take-eth.online,,Scamming,Trust-Trading,0x45f7582fd6445918912977b9460475b5524cF962
Csdb__ScamDomains__4f2a33,4f2a33,quick.payeths.com,,Scamming,Trust-Trading,0xE7a06AAb8286cEF4206942a4891EE95A40E86466
Csdb__ScamDomains__a0f755,a0f755,freecoingifts.com,,Scamming,Trust-Trading,0x4a8D9B64ee9c7e058fe9c8cBF96375b02Da006E2
Csdb__ScamDomains__2bece9,2bece9,etherget.us,,Scamming,Trust-Trading,0xa62cB4bD9E69E9170a2d973AA3aECE5A1215D41C
Csdb__ScamDomains__ad576a,ad576a,elon-giveaway.com,,Scamming,Trust-Trading,0xae9dcec1fb0814CA02ca1e6690D05F33488B4C8B
Csdb__ScamDomains__2fbb8f,2fbb8f,free-eth.news,,Scamming,Trust-Trading,0xa525DD7A8034BAbf46f3f6e253035FB2Bcf358b7
Csdb__ScamDomains__87c621,87c621,coinbase-eth-giveaway.com,,Scamming,Trust-Trading,0x005b9f4516f8e640bbe48136901738b323c53b00
Csdb__ScamDomains__ff81b0,ff81b0,eden-chain.io,,Phishing,Eden,0xAFf0c90E333D22569513fd50a8860c8F5920571A
Csdb__ScamDomains__8ddb29,8ddb29,get-ethereum.ml,,Scamming,Trust-Trading,0x497E4c58A4106fEE817e3BEce3C5c029e964Eb49
Csdb__ScamDomains__7310dc,7310dc,5000eth.net,,Scamming,Trust-Trading,0x2276f412d2ae5dc2cdc293b0df70a8273f6f6771
Csdb__ScamDomains__67a367,67a367,claim.payeths.com,,Scamming,Trust-Trading,0xb48c99C37b7cf4AC0A1c2dcA518782C1FEB4f066
Csdb__ScamDomains__21df45,21df45,gameofdeception.get-5000-eth.com,,Scamming,Trust-Trading,0xf6238cBC1b74b183E54d63A555f867bAA00D92dF
Csdb__ScamDomains__8ffa59,8ffa59,mycrypto.get-5000-eth.com,,Scamming,Trust-Trading,0xf591bBF70178bCAa80D306Ab65755ab7038962Cd
Csdb__ScamDomains__0fd17c,0fd17c,payments.payeths.com,,Scamming,Trust-Trading,0xb48c99C37b7cf4AC0A1c2dcA518782C1FEB4f066
Csdb__ScamDomains__bcad88,bcad88,ethgiveavvay.com,,Scamming,Trust-Trading,0x89c0e39f3b3Be95c238912788687DBAebe7e6A2B
Csdb__ScamDomains__ea1232,ea1232,kinecosystems.org,,Phishing,Kin,0x89c0e39f3b3Be95c238912788687DBAebe7e6A2B
Csdb__ScamDomains__bde22d,bde22d,quarkchain.website,,Phishing,Quarkchain,0xB9Ee29FF43D319c126ED2Dbdd74d49a2659EDe56
Csdb__ScamDomains__a8e3d8,a8e3d8,quark-chain.io,,Phishing,Quarkchain,0xbEaaD836E717Dd22f59752d60223971db197EF4E
Csdb__ScamDomains__714dc4,714dc4,promo-give-ethereum.org,,Scamming,Trust-Trading,0x7D922A4f7F24fFcb130c4EEAF291A6475e3e4Dd2
Csdb__ScamDomains__89eb15,89eb15,give-ethereum.org,,Scamming,Trust-Trading,0x7D922A4f7F24fFcb130c4EEAF291A6475e3e4Dd2
Csdb__ScamDomains__38e064,38e064,ethereum-giveaway.site,,Scamming,Trust-Trading,0x299628fD380813622305517E64eee89BB6a49Ca3
Csdb__ScamDomains__af306d,af306d,user-images.githubusercontent.com,,Phishing,Telegram,0xaC57457748d66139ec89a6D1b13BF119A1EFb31a
Csdb__ScamDomains__f58bcf,f58bcf,brickblocks.io,,Phishing,Brickblocks,0x2Dc5616EC2b9D24906F0e11dC8D8a736392dFeDD
Csdb__ScamDomains__78875d,78875d,quarkchain.de,,Phishing,Quarkchain,0xB9Ee29FF43D319c126ED2Dbdd74d49a2659EDe56
Csdb__ScamDomains__1fdd51,1fdd51,ethsafepay.net,,Scamming,Trust-Trading,0x1b8ee5cB5520ea3d12F64a8973c2A4F0cbcB1564
Csdb__ScamDomains__575874,575874,presale.getmyethers.net,,Phishing,Brickblock,0x40949225c4a1745a9946F6AAf763241c082cb9ac
Csdb__ScamDomains__da918d,da918d,brickblockio.info,,Phishing,Brickblock,0xe949A4c861089fBdE6eF1175C23E1485D5970567
Csdb__ScamDomains__c7f145,c7f145,collect.ethforyou.com,,Scamming,Trust-Trading,0x3EadB407F81d62D27F63a8881805B1735F70E692
Csdb__ScamDomains__4f90d3,4f90d3,getmyetho.paperplane.io,,Scamming,Trust-Trading,0x35919ff0a88A0bDFd1b0EF3be574bcF6C1e90e01
Csdb__ScamDomains__3facce,3facce,giveawayethereum.win,,Scamming,Trust-Trading,0x8aF1380c436fC019b8055C61d09e3Ee5F182278C
Csdb__ScamDomains__5aad99,5aad99,musk-party-gifts.updog.co,,Scamming,Trust-Trading,0x10c44aB858B90E09C725158906F71833fF417ACC
Csdb__ScamDomains__82389f,82389f,telegram-token.io,,Phishing,Telegram,0x52bEF206E8e0403Cd60d37E48f4F3860D9545556
Csdb__ScamDomains__d430e6,d430e6,free-eth.paperplane.io,,Scamming,Trust-Trading,0x92cd726CE03cEaa4bF7198ce9c52D05D63ceE575
Csdb__ScamDomains__8eaa2f,8eaa2f,xn--bifinex-fb4c.com,,Scamming,Trust-Trading,0x09430a9Fb46a1a3B83980768C4cEDF654d8eefa3
Csdb__ScamDomains__620afd,620afd,dav.icocrowdsale.io,,Phishing,,0x2831f460a932F3B7b44fB90FFCD7fdDAdDf4C980
Csdb__ScamDomains__c57e66,c57e66,secure-ethereum.tw1.su,,Scamming,Trust-Trading,0xDD44566108758d8C8224D303EF92492229014a2A
Csdb__ScamDomains__30daed,30daed,sentinelprotocol.pw,,Phishing,Sentinel,0xC3CAf142A41b0FAE78a922C25Fc0EEcdcF0985D1
Csdb__ScamDomains__9bc90c,9bc90c,24h.infora.hu,,Scamming,Trust-Trading,0x794Cd1329493Dc9c6ceB0ec9955890d392C811dA
Csdb__ScamDomains__d5fb57,d5fb57,eth-securepay.com,,Scamming,Trust-Trading,0x5580FB6E95230BF16AE7e2c6467D11566ed5b3Ea
Csdb__ScamDomains__1ea21c,1ea21c,secureceth.com,,Scamming,Trust-Trading,0x5970d26C51397578c2b3420d20FbB2bcC5C5b00E
Csdb__ScamDomains__5618cb,5618cb,eth-giving.ga,,Scamming,Trust-Trading,0x85234C92D4dDdF239df9c76497A6516fDf546577
Csdb__ScamDomains__ddd3f0,ddd3f0,free-eths.paperplane.io,,Scamming,Trust-Trading,0x93A036a4FB47F22989ec1d11b134Bb177E66A6bD
Csdb__ScamDomains__036f60,036f60,quarkchain-tokens.io,,Phishing,QuarkChain,0x705F704d11020fF07ACdE8592bb80B044e15de16
Csdb__ScamDomains__87301a,87301a,giveavvay-10000eth.online,,Scamming,Trust-Trading,0x00EB6f5199cD0B671da371969B1A0F948e982Fea
Csdb__ScamDomains__c9e424,c9e424,ethpromo.org,,Scamming,Trust-Trading,0x934f49fCF451A34026E3dFc3f26a1De01b83b509
Csdb__ScamDomains__7f7e0a,7f7e0a,edenchain.site,,Phishing,Eden,0xfAc9eeb5cC03Db0CFF26e518f19CCFBf080689A1
Csdb__ScamDomains__9c07a1,9c07a1,quarkchain.live,,Phishing,QuarkChain,0x0a888f0F0b772e17a2ADFd62D3f15CeC72c8D42f
Csdb__ScamDomains__9276b4,9276b4,etherfree.tech,,Scamming,Trust-Trading,0x8C9D135aC2778e1A7d326932AaD302e7c22c94D7
Csdb__ScamDomains__a99297,a99297,etherums-givingaway.atspace.tv,,Scamming,Trust-Trading,0x368bE389Ce940bf17C3296344086E368bc4C60f3
Csdb__ScamDomains__774e05,774e05,ethgiveavvay.site,,Scamming,Trust-Trading,0x0C4762Bc7B1Af1DC9448A827f53861c118B712dE
Csdb__ScamDomains__e57b9e,e57b9e,omisegowallet.network,,Phishing,Omise,0x4bc2055440dd519fa4d448d2d6899e6604aaedc5
Csdb__ScamDomains__849ae8,849ae8,zclassiccoins.com,,Scamming,Trust-Trading,0xe87d279d090df4ba19c0e19958d9ac61be5c6909
Csdb__ScamDomains__72040b,72040b,musk.vu,,Scamming,Trust-Trading,0x804A67880F461c2ba4b927a10E99E371962B0F3f
Csdb__ScamDomains__e5d244,e5d244,ethairdrop.live,,Scamming,Trust-Trading,0x7a16a0Fd441A7591f2456c3cDA068e33c6bBaa96
Csdb__ScamDomains__9886ed,9886ed,quarkchain-presale.io,,Phishing,Quarkchain,0x05e18136F048d648eE73Dd5D269d590Ff2873C33
Csdb__ScamDomains__9e103f,9e103f,5000ethereum.online,,Scamming,Trust-Trading,0xa5e83199a7ECB6669064d492F15ddC096b6cbAb8
Csdb__ScamDomains__2604c1,2604c1,hederahashgaph.com,,Phishing,HederaHashGraph,0x873a35F651892AEe1D9360be80ae904f7D76068f
Csdb__ScamDomains__e5627d,e5627d,5000-eth.paperplane.io,,Scamming,Trust-Trading,0x1691B2F9986598E12C57Aba5bE50ebd5346247E0
Csdb__ScamDomains__c5b7ba,c5b7ba,eth-giveaway.today,,Scamming,Trust-Trading,0x3F2cf669C657316985B01b1B797cb259c97d6551
Csdb__ScamDomains__faf228,faf228,etherget.online,,Scamming,Trust-Trading,0xa8afa9a714e06b9eb1b500617494ac213f2d428a
Csdb__ScamDomains__6bbf87,6bbf87,ethplatform.org,,Scamming,Trust-Trading,0x54B623C82365ef20680B17301bD949BcD5599Eb9
Csdb__ScamDomains__bb00b5,bb00b5,mycrypton.net,,Scamming,Trust-Trading,0x7eD44f8b304cD71664Cbe8C94614660859Fca2c6
Csdb__ScamDomains__1ac50a,1ac50a,quarkchains.io,,Phishing,Quarkchain,0xd7bb68B0cE5893983e5a2511b87E083609eB6fF9
Csdb__ScamDomains__94a23d,94a23d,ethcollection.paperplane.io,,Scamming,Trust-Trading,0xc8a7eFA8FF219CF002081c10c47F1D5F62b3FEe5
Csdb__ScamDomains__9fde81,9fde81,eth-airdrop.com,,Scamming,Trust-Trading,0x8a8869a8B53573294B0E03820253607D5528679d
Csdb__ScamDomains__05aba1,05aba1,ether-promo.unas.cz,,Scamming,Trust-Trading,0xd5e846494df899e0d7ea5e628501dfe420d2643b
Csdb__ScamDomains__a1470e,a1470e,transfer.saferpayeth.com,,Scamming,Trust-Trading,0x0f4CF489C65f5001843C525e1f374768DCAD9B99
Csdb__ScamDomains__20d662,20d662,cryptofaze.com,,Scamming,Trust-Trading,0x5e1f89284b8283edcd082901b78c7589f39d5b51
Csdb__ScamDomains__dec422,dec422,ethergift.org,,Scamming,Trust-Trading,0x8d4426f94e42f721C7116E81d6688cd935cB3b4F
Csdb__ScamDomains__04b8fe,04b8fe,secure-give-eth.com,,Scamming,Trust-Trading,0xDfa8e0d144B1bD7B9f08Cd05A7726cC20121292f
Csdb__ScamDomains__896945,896945,quarkchain.pl,,Phishing,Quarkchain,0x7448dF6E1031d10e237b1481930a074B13FAAbD2
Csdb__ScamDomains__9e9d97,9e9d97,get-5001-ethereum.com,,Scamming,Trust-Trading,0x7D922A4f7F24fFcb130c4EEAF291A6475e3e4Dd2
Csdb__ScamDomains__767995,767995,get-5000-ethereum.com,,Scamming,Trust-Trading,0x1056d8d9EbB0E0d8710A0E2A1852d4A09d56464A
Csdb__ScamDomains__3062e7,3062e7,waves-ethereum-eth.org,,Scamming,Trust-Trading,0xfbb62df5cbc8d0bc4c2a0e5c53b8602d49471495
Csdb__ScamDomains__91089b,91089b,originprotocol.tokenpublicsales.com,,Phishing,Origin,0x903Dc47Aa7C40f9f59Ef1E5C167ce1A9B39a2bFF
Csdb__ScamDomains__fe23bc,fe23bc,ethgive.online,,Scamming,Trust-Trading,0x7DB9656FC8435F765DF5748E32Bf329098FfB5fb
Csdb__ScamDomains__7b2c4d,7b2c4d,ether.vu,,Scamming,Trust-Trading,0x5caa556D0b8Fa8622b1746BcC1211429737DCaFc
Csdb__ScamDomains__5ba9af,5ba9af,getnoweth.com,,Scamming,Trust-Trading,0x41075e21827263E149B8Bb26ff7eB5b185c7B0ca
Csdb__ScamDomains__83b73c,83b73c,m342edium.ethersforme.net,,Scamming,Trust-Trading,0x40949225c4a1745a9946F6AAf763241c082cb9ac
Csdb__ScamDomains__556134,556134,10000-eth.com,,Scamming,Trust-Trading,0x24F7ea54D9CDb021C0788Caab3c1796Aa8b2C161
Csdb__ScamDomains__615ade,615ade,ethsgive.com,,Scamming,Trust-Trading,0x89c0e39f3b3Be95c238912788687DBAebe7e6A2B
Csdb__ScamDomains__c6dbf5,c6dbf5,giveaway-ether.com,,Scamming,Trust-Trading,0xcc2c4c1b9bEe3E9AE45b5c9024c3d032387830b8
Csdb__ScamDomains__0a5a5a,0a5a5a,bonus.giftethers.com,,Scamming,Trust-Trading,0xB7f9FDB9f3f6142cF5e2b7bEE8AEbA059dfb091b
Csdb__ScamDomains__3c840c,3c840c,get-eths.com,,Scamming,Trust-Trading,0xcc2c4c1b9bEe3E9AE45b5c9024c3d032387830b8
Csdb__ScamDomains__afcbe7,afcbe7,get-ethereum.site,,Scamming,Trust-Trading,0xa2aEc7E1e3c63FA266cA443D37DC88Fd35A92d4A
Csdb__ScamDomains__3ac147,3ac147,cryptos-promos.com,,Scamming,Trust-Trading,0x83940770976605ddA722A620DD9d91825C8D65Dc
Csdb__ScamDomains__4bc4b3,4bc4b3,safethpay.com,,Scamming,Trust-Trading,0xcA8E988ffb5A662f8201c90b6a45CC7826f5F15a
Csdb__ScamDomains__7e288c,7e288c,paygiveaway.com,,Scamming,Trust-Trading,0xcA8E988ffb5A662f8201c90b6a45CC7826f5F15a
Csdb__ScamDomains__d38026,d38026,cardanoethereum.com,,Scamming,Trust-Trading,0x27075c2f55bD05c8F7009E8b5a1d3cF131806dD5
Csdb__ScamDomains__1c49c9,1c49c9,ethergiveaway.website,,Scamming,Trust-Trading,0x2511A5cF945e1cDA14E3210d2a56eA0dE1d3E031
Csdb__ScamDomains__10a1a2,10a1a2,output.jsbin.com,,Scamming,Trust-Trading,0x3389a9CacB4A3FdbE43DB14D132b3F1e215A835d
Csdb__ScamDomains__ffdbb1,ffdbb1,get-ethereum.info,,Scamming,Trust-Trading,0x1056d8d9EbB0E0d8710A0E2A1852d4A09d56464A
Csdb__ScamDomains__355ea6,355ea6,get-event-ethereum.info,,Scamming,Trust-Trading,0x1056d8d9EbB0E0d8710A0E2A1852d4A09d56464A
Csdb__ScamDomains__4ee33b,4ee33b,give-eth.news,,Scamming,Trust-Trading,0x1056d8d9EbB0E0d8710A0E2A1852d4A09d56464A
Csdb__ScamDomains__57a239,57a239,eth-box.xf.cz,,Scamming,Trust-Trading,0xEcF37AF81B814D418b5cDF2ec985508888D7c67A
Csdb__ScamDomains__2f6827,2f6827,pay.ethconfirm.com,,Scamming,Trust-Trading,0x9BaaC782EA141718437a825704Fc61802993C03a
Csdb__ScamDomains__24c744,24c744,ethconfirm.com,,Scamming,Trust-Trading,0xb48c99C37b7cf4AC0A1c2dcA518782C1FEB4f066
Csdb__ScamDomains__cf1666,cf1666,eth-share.com,,Scamming,Trust-Trading,0x024C344DA7208e60356378a252dAb771c34Be111
Csdb__ScamDomains__bb85b7,bb85b7,eth-gift.com.paperplane.io,,Scamming,Trust-Trading,0x1CE4312fDd45c9184A5561314122B2244Bd862c9
Csdb__ScamDomains__6e6976,6e6976,promo-eths.com,,Scamming,Trust-Trading,0x24F7ea54D9CDb021C0788Caab3c1796Aa8b2C161
Csdb__ScamDomains__8c9e86,8c9e86,nathanielpopper.promo-eths.com,,Scamming,Trust-Trading,0x24F7ea54D9CDb021C0788Caab3c1796Aa8b2C161
Csdb__ScamDomains__17dde6,17dde6,claimeth.epizy.com,,Scamming,Trust-Trading,0x40949225c4a1745a9946F6AAf763241c082cb9ac
Csdb__ScamDomains__40463b,40463b,eth-promo.net,,Scamming,Trust-Trading,0x18BfF0b35d63B6e19775d3FBbB5a9fa9D7288A74
Csdb__ScamDomains__2a8616,2a8616,daostack.onuniverse.com,,Phishing,,0x70ba69fCb5720BA8D573b78f641eEcB775C0E5a9
Csdb__ScamDomains__f5ca8c,f5ca8c,5000eth-promo.com,,Scamming,Trust-Trading,0xa61344257ed7c98b4690572e63797d75b0753f96
